date,line_number,metric_abb,metric,value,year
2020-01-01,1,total,Total,23207,2020
2020-01-01,1,mdu,Média dos Dias Úteis,900,2020
2020-01-01,1,msa,Média dos Sábados,500,2020
2020-01-01,1,mdo,Média dos Domingos,300,2020
2020-01-01,1,max,Máxima Diária,1001,2020
2020-01-01,2,total,Total,13642,2020
2020-01-01,2,mdu,Média dos Dias Úteis,542,2020
2020-01-01,2,msa,Média dos Sábados,236,2020
2020-01-01,2,mdo,Média dos Domingos,164,2020
2020-01-01,2,max,Máxima Diária,598,2020
2020-01-01,3,total,Total,26292,2020
2020-01-01,3,mdu,Média dos Dias Úteis,1015,2020
2020-01-01,3,msa,Média dos Sábados,584,2020
2020-01-01,3,mdo,Média dos Domingos,343,2020
2020-01-01,3,max,Máxima Diária,1099,2020
2020-01-01,15,total,Total,1385,2020
2020-01-01,15,mdu,Média dos Dias Úteis,57,2020
2020-01-01,15,msa,Média dos Sábados,19,2020
2020-01-01,15,mdo,Média dos Domingos,10,2020
2020-01-01,15,max,Máxima Diária,64,2020
2020-01-01,NA,total,Total,64526,2020
2020-01-01,NA,mdu,Média dos Dias Úteis,2515,2020
2020-01-01,NA,msa,Média dos Sábados,1338,2020
2020-01-01,NA,mdo,Média dos Domingos,817,2020
2020-01-01,NA,max,Máxima Diária,2762,2020
2020-02-01,1,total,Total,23702,2020
2020-02-01,1,mdu,Média dos Dias Úteis,1048,2020
2020-02-01,1,msa,Média dos Sábados,606,2020
2020-02-01,1,mdo,Média dos Domingos,333,2020
2020-02-01,1,max,Máxima Diária,1107,2020
2020-02-01,2,total,Total,13971,2020
2020-02-01,2,mdu,Média dos Dias Úteis,641,2020
2020-02-01,2,msa,Média dos Sábados,297,2020
2020-02-01,2,mdo,Média dos Domingos,204,2020
2020-02-01,2,max,Máxima Diária,678,2020
2020-02-01,3,total,Total,26349,2020
2020-02-01,3,mdu,Média dos Dias Úteis,1151,2020
2020-02-01,3,msa,Média dos Sábados,693,2020
2020-02-01,3,mdo,Média dos Domingos,431,2020
2020-02-01,3,max,Máxima Diária,1209,2020
2020-02-01,15,total,Total,1454,2020
2020-02-01,15,mdu,Média dos Dias Úteis,68,2020
2020-02-01,15,msa,Média dos Sábados,36,2020
2020-02-01,15,mdo,Média dos Domingos,14,2020
2020-02-01,15,max,Máxima Diária,71,2020
2020-02-01,NA,total,Total,65476,2020
2020-02-01,NA,mdu,Média dos Dias Úteis,2907,2020
2020-02-01,NA,msa,Média dos Sábados,1625,2020
2020-02-01,NA,mdo,Média dos Domingos,982,2020
2020-02-01,NA,max,Máxima Diária,3054,2020
2020-03-01,1,total,Total,17319,2020
2020-03-01,1,mdu,Média dos Dias Úteis,679,2020
2020-03-01,1,msa,Média dos Sábados,337,2020
2020-03-01,1,mdo,Média dos Domingos,206,2020
2020-03-01,1,max,Máxima Diária,1114,2020
2020-03-01,2,total,Total,10608,2020
2020-03-01,2,mdu,Média dos Dias Úteis,423,2020
2020-03-01,2,msa,Média dos Sábados,176,2020
2020-03-01,2,mdo,Média dos Domingos,121,2020
2020-03-01,2,max,Máxima Diária,695,2020
2020-03-01,3,total,Total,20390,2020
2020-03-01,3,mdu,Média dos Dias Úteis,790,2020
2020-03-01,3,msa,Média dos Sábados,418,2020
2020-03-01,3,mdo,Média dos Domingos,266,2020
2020-03-01,3,max,Máxima Diária,1234,2020
2020-03-01,15,total,Total,NA,2020
2020-03-01,15,mdu,Média dos Dias Úteis,NA,2020
2020-03-01,15,msa,Média dos Sábados,NA,2020
2020-03-01,15,mdo,Média dos Domingos,NA,2020
2020-03-01,15,max,Máxima Diária,NA,2020
2020-03-01,NA,total,Total,48317,2020
2020-03-01,NA,mdu,Média dos Dias Úteis,1892,2020
2020-03-01,NA,msa,Média dos Sábados,930,2020
2020-03-01,NA,mdo,Média dos Domingos,593,2020
2020-03-01,NA,max,Máxima Diária,3040,2020
2020-04-01,1,total,Total,4839,2020
2020-04-01,1,mdu,Média dos Dias Úteis,198,2020
2020-04-01,1,msa,Média dos Sábados,109,2020
2020-04-01,1,mdo,Média dos Domingos,68,2020
2020-04-01,1,max,Máxima Diária,230,2020
2020-04-01,2,total,Total,3039,2020
2020-04-01,2,mdu,Média dos Dias Úteis,126,2020
2020-04-01,2,msa,Média dos Sábados,64,2020
2020-04-01,2,mdo,Média dos Domingos,39,2020
2020-04-01,2,max,Máxima Diária,136,2020
2020-04-01,3,total,Total,6862,2020
2020-04-01,3,mdu,Média dos Dias Úteis,280,2020
2020-04-01,3,msa,Média dos Sábados,158,2020
2020-04-01,3,mdo,Média dos Domingos,98,2020
2020-04-01,3,max,Máxima Diária,312,2020
2020-04-01,15,total,Total,NA,2020
2020-04-01,15,mdu,Média dos Dias Úteis,NA,2020
2020-04-01,15,msa,Média dos Sábados,NA,2020
2020-04-01,15,mdo,Média dos Domingos,NA,2020
2020-04-01,15,max,Máxima Diária,NA,2020
2020-04-01,NA,total,Total,14741,2020
2020-04-01,NA,mdu,Média dos Dias Úteis,604,2020
2020-04-01,NA,msa,Média dos Sábados,331,2020
2020-04-01,NA,mdo,Média dos Domingos,206,2020
2020-04-01,NA,max,Máxima Diária,678,2020
2020-05-01,1,total,Total,5429,2020
2020-05-01,1,mdu,Média dos Dias Úteis,229,2020
2020-05-01,1,msa,Média dos Sábados,126,2020
2020-05-01,1,mdo,Média dos Domingos,74,2020
2020-05-01,1,max,Máxima Diária,241,2020
2020-05-01,2,total,Total,3250,2020
2020-05-01,2,mdu,Média dos Dias Úteis,139,2020
2020-05-01,2,msa,Média dos Sábados,69,2020
2020-05-01,2,mdo,Média dos Domingos,43,2020
2020-05-01,2,max,Máxima Diária,145,2020
2020-05-01,3,total,Total,7604,2020
2020-05-01,3,mdu,Média dos Dias Úteis,319,2020
2020-05-01,3,msa,Média dos Sábados,180,2020
2020-05-01,3,mdo,Média dos Domingos,106,2020
2020-05-01,3,max,Máxima Diária,333,2020
2020-05-01,15,total,Total,NA,2020
2020-05-01,15,mdu,Média dos Dias Úteis,NA,2020
2020-05-01,15,msa,Média dos Sábados,NA,2020
2020-05-01,15,mdo,Média dos Domingos,NA,2020
2020-05-01,15,max,Máxima Diária,NA,2020
2020-05-01,NA,total,Total,16284,2020
2020-05-01,NA,mdu,Média dos Dias Úteis,687,2020
2020-05-01,NA,msa,Média dos Sábados,376,2020
2020-05-01,NA,mdo,Média dos Domingos,223,2020
2020-05-01,NA,max,Máxima Diária,717,2020
2020-06-01,1,total,Total,7241,2020
2020-06-01,1,mdu,Média dos Dias Úteis,284,2020
2020-06-01,1,msa,Média dos Sábados,163,2020
2020-06-01,1,mdo,Média dos Domingos,85,2020
2020-06-01,1,max,Máxima Diária,319,2020
2020-06-01,2,total,Total,3978,2020
2020-06-01,2,mdu,Média dos Dias Úteis,157,2020
2020-06-01,2,msa,Média dos Sábados,81,2020
2020-06-01,2,mdo,Média dos Domingos,47,2020
2020-06-01,2,max,Máxima Diária,175,2020
2020-06-01,3,total,Total,9911,2020
2020-06-01,3,mdu,Média dos Dias Úteis,386,2020
2020-06-01,3,msa,Média dos Sábados,227,2020
2020-06-01,3,mdo,Média dos Domingos,128,2020
2020-06-01,3,max,Máxima Diária,425,2020
2020-06-01,15,total,Total,405,2020
2020-06-01,15,mdu,Média dos Dias Úteis,16,2020
2020-06-01,15,msa,Média dos Sábados,7,2020
2020-06-01,15,mdo,Média dos Domingos,4,2020
2020-06-01,15,max,Máxima Diária,23,2020
2020-06-01,NA,total,Total,21534,2020
2020-06-01,NA,mdu,Média dos Dias Úteis,844,2020
2020-06-01,NA,msa,Média dos Sábados,478,2020
2020-06-01,NA,mdo,Média dos Domingos,264,2020
2020-06-01,NA,max,Máxima Diária,942,2020
2020-07-01,1,total,Total,9406,2020
2020-07-01,1,mdu,Média dos Dias Úteis,354,2020
2020-07-01,1,msa,Média dos Sábados,224,2020
2020-07-01,1,mdo,Média dos Domingos,104,2020
2020-07-01,1,max,Máxima Diária,384,2020
2020-07-01,2,total,Total,4984,2020
2020-07-01,2,mdu,Média dos Dias Úteis,191,2020
2020-07-01,2,msa,Média dos Sábados,100,2020
2020-07-01,2,mdo,Média dos Domingos,55,2020
2020-07-01,2,max,Máxima Diária,208,2020
2020-07-01,3,total,Total,12544,2020
2020-07-01,3,mdu,Média dos Dias Úteis,469,2020
2020-07-01,3,msa,Média dos Sábados,298,2020
2020-07-01,3,mdo,Média dos Domingos,152,2020
2020-07-01,3,max,Máxima Diária,510,2020
2020-07-01,15,total,Total,709,2020
2020-07-01,15,mdu,Média dos Dias Úteis,27,2020
2020-07-01,15,msa,Média dos Sábados,17,2020
2020-07-01,15,mdo,Média dos Domingos,9,2020
2020-07-01,15,max,Máxima Diária,29,2020
2020-07-01,NA,total,Total,27642,2020
2020-07-01,NA,mdu,Média dos Dias Úteis,1040,2020
2020-07-01,NA,msa,Média dos Sábados,639,2020
2020-07-01,NA,mdo,Média dos Domingos,319,2020
2020-07-01,NA,max,Máxima Diária,1131,2020
2020-08-01,1,total,Total,10372,2020
2020-08-01,1,mdu,Média dos Dias Úteis,406,2020
2020-08-01,1,msa,Média dos Sábados,253,2020
2020-08-01,1,mdo,Média dos Domingos,117,2020
2020-08-01,1,max,Máxima Diária,438,2020
2020-08-01,2,total,Total,5450,2020
2020-08-01,2,mdu,Média dos Dias Úteis,218,2020
2020-08-01,2,msa,Média dos Sábados,114,2020
2020-08-01,2,mdo,Média dos Domingos,61,2020
2020-08-01,2,max,Máxima Diária,229,2020
2020-08-01,3,total,Total,13451,2020
2020-08-01,3,mdu,Média dos Dias Úteis,522,2020
2020-08-01,3,msa,Média dos Sábados,329,2020
2020-08-01,3,mdo,Média dos Domingos,169,2020
2020-08-01,3,max,Máxima Diária,565,2020
2020-08-01,15,total,Total,799,2020
2020-08-01,15,mdu,Média dos Dias Úteis,31,2020
2020-08-01,15,msa,Média dos Sábados,20,2020
2020-08-01,15,mdo,Média dos Domingos,10,2020
2020-08-01,15,max,Máxima Diária,34,2020
2020-08-01,NA,total,Total,30071,2020
2020-08-01,NA,mdu,Média dos Dias Úteis,1177,2020
2020-08-01,NA,msa,Média dos Sábados,715,2020
2020-08-01,NA,mdo,Média dos Domingos,356,2020
2020-08-01,NA,max,Máxima Diária,1265,2020
2020-09-01,1,total,Total,11428,2020
2020-09-01,1,mdu,Média dos Dias Úteis,453,2020
2020-09-01,1,msa,Média dos Sábados,294,2020
2020-09-01,1,mdo,Média dos Domingos,141,2020
2020-09-01,1,max,Máxima Diária,473,2020
2020-09-01,2,total,Total,6002,2020
2020-09-01,2,mdu,Média dos Dias Úteis,244,2020
2020-09-01,2,msa,Média dos Sábados,130,2020
2020-09-01,2,mdo,Média dos Domingos,70,2020
2020-09-01,2,max,Máxima Diária,255,2020
2020-09-01,3,total,Total,14531,2020
2020-09-01,3,mdu,Média dos Dias Úteis,573,2020
2020-09-01,3,msa,Média dos Sábados,373,2020
2020-09-01,3,mdo,Média dos Domingos,193,2020
2020-09-01,3,max,Máxima Diária,595,2020
2020-09-01,15,total,Total,882,2020
2020-09-01,15,mdu,Média dos Dias Úteis,35,2020
2020-09-01,15,msa,Média dos Sábados,23,2020
2020-09-01,15,mdo,Média dos Domingos,12,2020
2020-09-01,15,max,Máxima Diária,37,2020
2020-09-01,NA,total,Total,32842,2020
2020-09-01,NA,mdu,Média dos Dias Úteis,1304,2020
2020-09-01,NA,msa,Média dos Sábados,820,2020
2020-09-01,NA,mdo,Média dos Domingos,416,2020
2020-09-01,NA,max,Máxima Diária,1359,2020
2020-10-01,1,total,Total,12750,2020
2020-10-01,1,mdu,Média dos Dias Úteis,493,2020
2020-10-01,1,msa,Média dos Sábados,320,2020
2020-10-01,1,mdo,Média dos Domingos,152,2020
2020-10-01,1,max,Máxima Diária,514,2020
2020-10-01,2,total,Total,6647,2020
2020-10-01,2,mdu,Média dos Dias Úteis,264,2020
2020-10-01,2,msa,Média dos Sábados,141,2020
2020-10-01,2,mdo,Média dos Domingos,78,2020
2020-10-01,2,max,Máxima Diária,275,2020
2020-10-01,3,total,Total,15977,2020
2020-10-01,3,mdu,Média dos Dias Úteis,615,2020
2020-10-01,3,msa,Média dos Sábados,395,2020
2020-10-01,3,mdo,Média dos Domingos,209,2020
2020-10-01,3,max,Máxima Diária,648,2020
2020-10-01,15,total,Total,986,2020
2020-10-01,15,mdu,Média dos Dias Úteis,38,2020
2020-10-01,15,msa,Média dos Sábados,24,2020
2020-10-01,15,mdo,Média dos Domingos,13,2020
2020-10-01,15,max,Máxima Diária,41,2020
2020-10-01,NA,total,Total,36359,2020
2020-10-01,NA,mdu,Média dos Dias Úteis,1410,2020
2020-10-01,NA,msa,Média dos Sábados,880,2020
2020-10-01,NA,mdo,Média dos Domingos,452,2020
2020-10-01,NA,max,Máxima Diária,1475,2020
2020-11-01,1,total,Total,12873,2020
2020-11-01,1,mdu,Média dos Dias Úteis,520,2020
2020-11-01,1,msa,Média dos Sábados,355,2020
2020-11-01,1,mdo,Média dos Domingos,176,2020
2020-11-01,1,max,Máxima Diária,545,2020
2020-11-01,2,total,Total,6695,2020
2020-11-01,2,mdu,Média dos Dias Úteis,276,2020
2020-11-01,2,msa,Média dos Sábados,156,2020
2020-11-01,2,mdo,Média dos Domingos,90,2020
2020-11-01,2,max,Máxima Diária,286,2020
2020-11-01,3,total,Total,16020,2020
2020-11-01,3,mdu,Média dos Dias Úteis,641,2020
2020-11-01,3,msa,Média dos Sábados,441,2020
2020-11-01,3,mdo,Média dos Domingos,239,2020
2020-11-01,3,max,Máxima Diária,681,2020
2020-11-01,15,total,Total,1002,2020
2020-11-01,15,mdu,Média dos Dias Úteis,40,2020
2020-11-01,15,msa,Média dos Sábados,27,2020
2020-11-01,15,mdo,Média dos Domingos,15,2020
2020-11-01,15,max,Máxima Diária,43,2020
2020-11-01,NA,total,Total,36589,2020
2020-11-01,NA,mdu,Média dos Dias Úteis,1478,2020
2020-11-01,NA,msa,Média dos Sábados,979,2020
2020-11-01,NA,mdo,Média dos Domingos,521,2020
2020-11-01,NA,max,Máxima Diária,1549,2020
2020-12-01,1,total,Total,12855,2020
2020-12-01,1,mdu,Média dos Dias Úteis,514,2020
2020-12-01,1,msa,Média dos Sábados,328,2020
2020-12-01,1,mdo,Média dos Domingos,173,2020
2020-12-01,1,max,Máxima Diária,557,2020
2020-12-01,2,total,Total,6482,2020
2020-12-01,2,mdu,Média dos Dias Úteis,267,2020
2020-12-01,2,msa,Média dos Sábados,139,2020
2020-12-01,2,mdo,Média dos Domingos,81,2020
2020-12-01,2,max,Máxima Diária,288,2020
2020-12-01,3,total,Total,16328,2020
2020-12-01,3,mdu,Média dos Dias Úteis,647,2020
2020-12-01,3,msa,Média dos Sábados,423,2020
2020-12-01,3,mdo,Média dos Domingos,235,2020
2020-12-01,3,max,Máxima Diária,719,2020
2020-12-01,15,total,Total,1009,2020
2020-12-01,15,mdu,Média dos Dias Úteis,40,2020
2020-12-01,15,msa,Média dos Sábados,26,2020
2020-12-01,15,mdo,Média dos Domingos,14,2020
2020-12-01,15,max,Máxima Diária,44,2020
2020-12-01,NA,total,Total,36675,2020
2020-12-01,NA,mdu,Média dos Dias Úteis,1467,2020
2020-12-01,NA,msa,Média dos Sábados,916,2020
2020-12-01,NA,mdo,Média dos Domingos,503,2020
2020-12-01,NA,max,Máxima Diária,1607,2020
2021-01-01,1,total,Total,11572,2021
2021-01-01,1,mdu,Média dos Dias Úteis,483,2021
2021-01-01,1,msa,Média dos Sábados,263,2021
2021-01-01,1,mdo,Média dos Domingos,157,2021
2021-01-01,1,max,Máxima Diária,512,2021
2021-01-01,2,total,Total,6058,2021
2021-01-01,2,mdu,Média dos Dias Úteis,261,2021
2021-01-01,2,msa,Média dos Sábados,119,2021
2021-01-01,2,mdo,Média dos Domingos,73,2021
2021-01-01,2,max,Máxima Diária,275,2021
2021-01-01,3,total,Total,14433,2021
2021-01-01,3,mdu,Média dos Dias Úteis,601,2021
2021-01-01,3,msa,Média dos Sábados,329,2021
2021-01-01,3,mdo,Média dos Domingos,197,2021
2021-01-01,3,max,Máxima Diária,639,2021
2021-01-01,15,total,Total,932,2021
2021-01-01,15,mdu,Média dos Dias Úteis,39,2021
2021-01-01,15,msa,Média dos Sábados,21,2021
2021-01-01,15,mdo,Média dos Domingos,12,2021
2021-01-01,15,max,Máxima Diária,42,2021
2021-01-01,NA,total,Total,34018,2021
2021-01-01,NA,mdu,Média dos Dias Úteis,1464,2021
2021-01-01,NA,msa,Média dos Sábados,850,2021
2021-01-01,NA,mdo,Média dos Domingos,463,2021
2021-01-01,NA,max,Máxima Diária,1506,2021
2021-02-01,1,total,Total,11870,2021
2021-02-01,1,mdu,Média dos Dias Úteis,509,2021
2021-02-01,1,msa,Média dos Sábados,304,2021
2021-02-01,1,mdo,Média dos Domingos,158,2021
2021-02-01,1,max,Máxima Diária,526,2021
2021-02-01,2,total,Total,6334,2021
2021-02-01,2,mdu,Média dos Dias Úteis,279,2021
2021-02-01,2,msa,Média dos Sábados,142,2021
2021-02-01,2,mdo,Média dos Domingos,80,2021
2021-02-01,2,max,Máxima Diária,286,2021
2021-02-01,3,total,Total,14848,2021
2021-02-01,3,mdu,Média dos Dias Úteis,635,2021
2021-02-01,3,msa,Média dos Sábados,379,2021
2021-02-01,3,mdo,Média dos Domingos,212,2021
2021-02-01,3,max,Máxima Diária,658,2021
2021-02-01,15,total,Total,966,2021
2021-02-01,15,mdu,Média dos Dias Úteis,41,2021
2021-02-01,15,msa,Média dos Sábados,24,2021
2021-02-01,15,mdo,Média dos Domingos,13,2021
2021-02-01,15,max,Máxima Diária,43,2021
2021-02-01,NA,total,Total,28951,2021
2021-02-01,NA,mdu,Média dos Dias Úteis,1175,2021
2021-02-01,NA,msa,Média dos Sábados,566,2021
2021-02-01,NA,mdo,Média dos Domingos,306,2021
2021-02-01,NA,max,Máxima Diária,1523,2021
2021-03-01,1,total,Total,9795,2021
2021-03-01,1,mdu,Média dos Dias Úteis,398,2021
2021-03-01,1,msa,Média dos Sábados,192,2021
2021-03-01,1,mdo,Média dos Domingos,100,2021
2021-03-01,1,max,Máxima Diária,531,2021
2021-03-01,2,total,Total,5570,2021
2021-03-01,2,mdu,Média dos Dias Úteis,230,2021
2021-03-01,2,msa,Média dos Sábados,99,2021
2021-03-01,2,mdo,Média dos Domingos,53,2021
2021-03-01,2,max,Máxima Diária,286,2021
2021-03-01,3,total,Total,12699,2021
2021-03-01,3,mdu,Média dos Dias Úteis,511,2021
2021-03-01,3,msa,Média dos Sábados,256,2021
2021-03-01,3,mdo,Média dos Domingos,144,2021
2021-03-01,3,max,Máxima Diária,664,2021
2021-03-01,15,total,Total,887,2021
2021-03-01,15,mdu,Média dos Dias Úteis,36,2021
2021-03-01,15,msa,Média dos Sábados,18,2021
2021-03-01,15,mdo,Média dos Domingos,10,2021
2021-03-01,15,max,Máxima Diária,43,2021
2021-03-01,NA,total,Total,26992,2021
2021-03-01,NA,mdu,Média dos Dias Úteis,1136,2021
2021-03-01,NA,msa,Média dos Sábados,595,2021
2021-03-01,NA,mdo,Média dos Domingos,333,2021
2021-03-01,NA,max,Máxima Diária,1304,2021
2021-04-01,1,total,Total,9192,2021
2021-04-01,1,mdu,Média dos Dias Úteis,388,2021
2021-04-01,1,msa,Média dos Sábados,204,2021
2021-04-01,1,mdo,Média dos Domingos,109,2021
2021-04-01,1,max,Máxima Diária,449,2021
2021-04-01,2,total,Total,5161,2021
2021-04-01,2,mdu,Média dos Dias Úteis,220,2021
2021-04-01,2,msa,Média dos Sábados,105,2021
2021-04-01,2,mdo,Média dos Domingos,61,2021
2021-04-01,2,max,Máxima Diária,250,2021
2021-04-01,3,total,Total,11808,2021
2021-04-01,3,mdu,Média dos Dias Úteis,493,2021
2021-04-01,3,msa,Média dos Sábados,266,2021
2021-04-01,3,mdo,Média dos Domingos,153,2021
2021-04-01,3,max,Máxima Diária,566,2021
2021-04-01,15,total,Total,831,2021
2021-04-01,15,mdu,Média dos Dias Úteis,35,2021
2021-04-01,15,msa,Média dos Sábados,19,2021
2021-04-01,15,mdo,Média dos Domingos,10,2021
2021-04-01,15,max,Máxima Diária,39,2021
2021-04-01,NA,total,Total,32897,2021
2021-04-01,NA,mdu,Média dos Dias Úteis,1322,2021
2021-04-01,NA,msa,Média dos Sábados,833,2021
2021-04-01,NA,mdo,Média dos Domingos,427,2021
2021-04-01,NA,max,Máxima Diária,1367,2021
2021-05-01,1,total,Total,11414,2021
2021-05-01,1,mdu,Média dos Dias Úteis,459,2021
2021-05-01,1,msa,Média dos Sábados,295,2021
2021-05-01,1,mdo,Média dos Domingos,145,2021
2021-05-01,1,max,Máxima Diária,476,2021
2021-05-01,2,total,Total,6301,2021
2021-05-01,2,mdu,Média dos Dias Úteis,256,2021
2021-05-01,2,msa,Média dos Sábados,144,2021
2021-05-01,2,mdo,Média dos Domingos,78,2021
2021-05-01,2,max,Máxima Diária,266,2021
2021-05-01,3,total,Total,14212,2021
2021-05-01,3,mdu,Média dos Dias Úteis,568,2021
2021-05-01,3,msa,Média dos Sábados,369,2021
2021-05-01,3,mdo,Média dos Domingos,191,2021
2021-05-01,3,max,Máxima Diária,592,2021
2021-05-01,15,total,Total,970,2021
2021-05-01,15,mdu,Média dos Dias Úteis,39,2021
2021-05-01,15,msa,Média dos Sábados,25,2021
2021-05-01,15,mdo,Média dos Domingos,13,2021
2021-05-01,15,max,Máxima Diária,41,2021
2021-05-01,NA,total,Total,35117,2021
2021-05-01,NA,mdu,Média dos Dias Úteis,1376,2021
2021-05-01,NA,msa,Média dos Sábados,876,2021
2021-05-01,NA,mdo,Média dos Domingos,442,2021
2021-05-01,NA,max,Máxima Diária,1431,2021
2021-06-01,1,total,Total,12216,2021
2021-06-01,1,mdu,Média dos Dias Úteis,476,2021
2021-06-01,1,msa,Média dos Sábados,311,2021
2021-06-01,1,mdo,Média dos Domingos,159,2021
2021-06-01,1,max,Máxima Diária,497,2021
2021-06-01,2,total,Total,6794,2021
2021-06-01,2,mdu,Média dos Dias Úteis,270,2021
2021-06-01,2,msa,Média dos Sábados,154,2021
2021-06-01,2,mdo,Média dos Domingos,85,2021
2021-06-01,2,max,Máxima Diária,277,2021
2021-06-01,3,total,Total,15052,2021
2021-06-01,3,mdu,Média dos Dias Úteis,589,2021
2021-06-01,3,msa,Média dos Sábados,384,2021
2021-06-01,3,mdo,Média dos Domingos,184,2021
2021-06-01,3,max,Máxima Diária,617,2021
2021-06-01,15,total,Total,1055,2021
2021-06-01,15,mdu,Média dos Dias Úteis,41,2021
2021-06-01,15,msa,Média dos Sábados,26,2021
2021-06-01,15,mdo,Média dos Domingos,14,2021
2021-06-01,15,max,Máxima Diária,43,2021
2021-06-01,NA,total,Total,36681,2021
2021-06-01,NA,mdu,Média dos Dias Úteis,1411,2021
2021-06-01,NA,msa,Média dos Sábados,884,2021
2021-06-01,NA,mdo,Média dos Domingos,467,2021
2021-06-01,NA,max,Máxima Diária,1484,2021
2021-07-01,1,total,Total,12800,2021
2021-07-01,1,mdu,Média dos Dias Úteis,489,2021
2021-07-01,1,msa,Média dos Sábados,318,2021
2021-07-01,1,mdo,Média dos Domingos,166,2021
2021-07-01,1,max,Máxima Diária,517,2021
2021-07-01,2,total,Total,7114,2021
2021-07-01,2,mdu,Média dos Dias Úteis,275,2021
2021-07-01,2,msa,Média dos Sábados,162,2021
2021-07-01,2,mdo,Média dos Domingos,94,2021
2021-07-01,2,max,Máxima Diária,288,2021
2021-07-01,3,total,Total,15736,2021
2021-07-01,3,mdu,Média dos Dias Úteis,603,2021
2021-07-01,3,msa,Média dos Sábados,387,2021
2021-07-01,3,mdo,Média dos Domingos,198,2021
2021-07-01,3,max,Máxima Diária,635,2021
2021-07-01,15,total,Total,1031,2021
2021-07-01,15,mdu,Média dos Dias Úteis,43,2021
2021-07-01,15,msa,Média dos Sábados,17,2021
2021-07-01,15,mdo,Média dos Domingos,9,2021
2021-07-01,15,max,Máxima Diária,46,2021
2021-07-01,NA,total,Total,39903,2021
2021-07-01,NA,mdu,Média dos Dias Úteis,1534,2021
2021-07-01,NA,msa,Média dos Sábados,925,2021
2021-07-01,NA,mdo,Média dos Domingos,493,2021
2021-07-01,NA,max,Máxima Diária,1596,2021
2021-08-01,1,total,Total,13887,2021
2021-08-01,1,mdu,Média dos Dias Úteis,531,2021
2021-08-01,1,msa,Média dos Sábados,336,2021
2021-08-01,1,mdo,Média dos Domingos,173,2021
2021-08-01,1,max,Máxima Diária,553,2021
2021-08-01,2,total,Total,7899,2021
2021-08-01,2,mdu,Média dos Dias Úteis,306,2021
2021-08-01,2,msa,Média dos Sábados,165,2021
2021-08-01,2,mdo,Média dos Domingos,101,2021
2021-08-01,2,max,Máxima Diária,322,2021
2021-08-01,3,total,Total,16941,2021
2021-08-01,3,mdu,Média dos Dias Úteis,650,2021
2021-08-01,3,msa,Média dos Sábados,402,2021
2021-08-01,3,mdo,Média dos Domingos,209,2021
2021-08-01,3,max,Máxima Diária,680,2021
2021-08-01,15,total,Total,1176,2021
2021-08-01,15,mdu,Média dos Dias Úteis,47,2021
2021-08-01,15,msa,Média dos Sábados,23,2021
2021-08-01,15,mdo,Média dos Domingos,10,2021
2021-08-01,15,max,Máxima Diária,50,2021
2021-08-01,NA,total,Total,41308,2021
2021-08-01,NA,mdu,Média dos Dias Úteis,1649,2021
2021-08-01,NA,msa,Média dos Sábados,1013,2021
2021-08-01,NA,mdo,Média dos Domingos,562,2021
2021-08-01,NA,max,Máxima Diária,1697,2021
2021-09-01,1,total,Total,14620,2021
2021-09-01,1,mdu,Média dos Dias Úteis,580,2021
2021-09-01,1,msa,Média dos Sábados,373,2021
2021-09-01,1,mdo,Média dos Domingos,202,2021
2021-09-01,1,max,Máxima Diária,600,2021
2021-09-01,2,total,Total,8167,2021
2021-09-01,2,mdu,Média dos Dias Úteis,328,2021
2021-09-01,2,msa,Média dos Sábados,178,2021
2021-09-01,2,mdo,Média dos Domingos,118,2021
2021-09-01,2,max,Máxima Diária,338,2021
2021-09-01,3,total,Total,17307,2021
2021-09-01,3,mdu,Média dos Dias Úteis,691,2021
2021-09-01,3,msa,Média dos Sábados,432,2021
2021-09-01,3,mdo,Média dos Domingos,231,2021
2021-09-01,3,max,Máxima Diária,742,2021
2021-09-01,15,total,Total,1214,2021
2021-09-01,15,mdu,Média dos Dias Úteis,50,2021
2021-09-01,15,msa,Média dos Sábados,30,2021
2021-09-01,15,mdo,Média dos Domingos,11,2021
2021-09-01,15,max,Máxima Diária,51,2021
2021-09-01,NA,total,Total,43193,2021
2021-09-01,NA,mdu,Média dos Dias Úteis,1736,2021
2021-09-01,NA,msa,Média dos Sábados,1084,2021
2021-09-01,NA,mdo,Média dos Domingos,559,2021
2021-09-01,NA,max,Máxima Diária,1835,2021
2021-10-01,1,total,Total,15384,2021
2021-10-01,1,mdu,Média dos Dias Úteis,614,2021
2021-10-01,1,msa,Média dos Sábados,403,2021
2021-10-01,1,mdo,Média dos Domingos,196,2021
2021-10-01,1,max,Máxima Diária,652,2021
2021-10-01,2,total,Total,8506,2021
2021-10-01,2,mdu,Média dos Dias Úteis,348,2021
2021-10-01,2,msa,Média dos Sábados,195,2021
2021-10-01,2,mdo,Média dos Domingos,112,2021
2021-10-01,2,max,Máxima Diária,365,2021
2021-10-01,3,total,Total,18109,2021
2021-10-01,3,mdu,Média dos Dias Úteis,723,2021
2021-10-01,3,msa,Média dos Sábados,463,2021
2021-10-01,3,mdo,Média dos Domingos,243,2021
2021-10-01,3,max,Máxima Diária,764,2021
2021-10-01,15,total,Total,1195,2021
2021-10-01,15,mdu,Média dos Dias Úteis,52,2021
2021-10-01,15,msa,Média dos Sábados,23,2021
2021-10-01,15,mdo,Média dos Domingos,8,2021
2021-10-01,15,max,Máxima Diária,55,2021
2021-10-01,NA,total,Total,45702,2021
2021-10-01,NA,mdu,Média dos Dias Úteis,1860,2021
2021-10-01,NA,msa,Média dos Sábados,1197,2021
2021-10-01,NA,mdo,Média dos Domingos,693,2021
2021-10-01,NA,max,Máxima Diária,1897,2021
2021-11-01,1,total,Total,16326,2021
2021-11-01,1,mdu,Média dos Dias Úteis,662,2021
2021-11-01,1,msa,Média dos Sábados,443,2021
2021-11-01,1,mdo,Média dos Domingos,241,2021
2021-11-01,1,max,Máxima Diária,679,2021
2021-11-01,2,total,Total,8913,2021
2021-11-01,2,mdu,Média dos Dias Úteis,370,2021
2021-11-01,2,msa,Média dos Sábados,204,2021
2021-11-01,2,mdo,Média dos Domingos,136,2021
2021-11-01,2,max,Máxima Diária,382,2021
2021-11-01,3,total,Total,19133,2021
2021-11-01,3,mdu,Média dos Dias Úteis,773,2021
2021-11-01,3,msa,Média dos Sábados,517,2021
2021-11-01,3,mdo,Média dos Domingos,298,2021
2021-11-01,3,max,Máxima Diária,792,2021
2021-11-01,15,total,Total,1330,2021
2021-11-01,15,mdu,Média dos Dias Úteis,56,2021
2021-11-01,15,msa,Média dos Sábados,33,2021
2021-11-01,15,mdo,Média dos Domingos,18,2021
2021-11-01,15,max,Máxima Diária,57,2021
2021-11-01,NA,total,Total,45780,2021
2021-11-01,NA,mdu,Média dos Dias Úteis,1764,2021
2021-11-01,NA,msa,Média dos Sábados,1338,2021
2021-11-01,NA,mdo,Média dos Domingos,711,2021
2021-11-01,NA,max,Máxima Diária,2000,2021
2021-12-01,1,total,Total,16317,2021
2021-12-01,1,mdu,Média dos Dias Úteis,627,2021
2021-12-01,1,msa,Média dos Sábados,495,2021
2021-12-01,1,mdo,Média dos Domingos,250,2021
2021-12-01,1,max,Máxima Diária,712,2021
2021-12-01,2,total,Total,8877,2021
2021-12-01,2,mdu,Média dos Dias Úteis,349,2021
2021-12-01,2,msa,Média dos Sábados,225,2021
2021-12-01,2,mdo,Média dos Domingos,138,2021
2021-12-01,2,max,Máxima Diária,398,2021
2021-12-01,3,total,Total,19290,2021
2021-12-01,3,mdu,Média dos Dias Úteis,737,2021
2021-12-01,3,msa,Média dos Sábados,582,2021
2021-12-01,3,mdo,Média dos Domingos,310,2021
2021-12-01,3,max,Máxima Diária,850,2021
2021-12-01,15,total,Total,1296,2021
2021-12-01,15,mdu,Média dos Dias Úteis,51,2021
2021-12-01,15,msa,Média dos Sábados,37,2021
2021-12-01,15,mdo,Média dos Domingos,14,2021
2021-12-01,15,max,Máxima Diária,59,2021
2021-12-01,NA,total,Total,443537,2021
2021-12-01,NA,mdu,Média dos Dias Úteis,1484,2021
2021-12-01,NA,msa,Média dos Sábados,908,2021
2021-12-01,NA,mdo,Média dos Domingos,491,2021
2021-12-01,NA,max,Máxima Diária,2000,2021
2022-01-01,1,total,Total,13688,2022
2022-01-01,1,mdu,Média dos Dias Úteis,542,2022
2022-01-01,1,msa,Média dos Sábados,351,2022
2022-01-01,1,mdo,Média dos Domingos,190,2022
2022-01-01,1,max,Máxima Diária,585,2022
2022-01-01,2,total,Total,7484,2022
2022-01-01,2,mdu,Média dos Dias Úteis,302,2022
2022-01-01,2,msa,Média dos Sábados,169,2022
2022-01-01,2,mdo,Média dos Domingos,100,2022
2022-01-01,2,max,Máxima Diária,331,2022
2022-01-01,3,total,Total,16226,2022
2022-01-01,3,mdu,Média dos Dias Úteis,639,2022
2022-01-01,3,msa,Média dos Sábados,411,2022
2022-01-01,3,mdo,Média dos Domingos,235,2022
2022-01-01,3,max,Máxima Diária,696,2022
2022-01-01,15,total,Total,1142,2022
2022-01-01,15,mdu,Média dos Dias Úteis,46,2022
2022-01-01,15,msa,Média dos Sábados,28,2022
2022-01-01,15,mdo,Média dos Domingos,14,2022
2022-01-01,15,max,Máxima Diária,50,2022
2022-01-01,NA,total,Total,42301,2022
2022-01-01,NA,mdu,Média dos Dias Úteis,1800,2022
2022-01-01,NA,msa,Média dos Sábados,1124,2022
2022-01-01,NA,mdo,Média dos Domingos,632,2022
2022-01-01,NA,max,Máxima Diária,1884,2022
2022-02-01,1,total,Total,14891,2022
2022-02-01,1,mdu,Média dos Dias Úteis,634,2022
2022-02-01,1,msa,Média dos Sábados,415,2022
2022-02-01,1,mdo,Média dos Domingos,196,2022
2022-02-01,1,max,Máxima Diária,667,2022
2022-02-01,2,total,Total,8486,2022
2022-02-01,2,mdu,Média dos Dias Úteis,367,2022
2022-02-01,2,msa,Média dos Sábados,198,2022
2022-02-01,2,mdo,Média dos Domingos,129,2022
2022-02-01,2,max,Máxima Diária,389,2022
2022-02-01,3,total,Total,17630,2022
2022-02-01,3,mdu,Média dos Dias Úteis,743,2022
2022-02-01,3,msa,Média dos Sábados,478,2022
2022-02-01,3,mdo,Média dos Domingos,289,2022
2022-02-01,3,max,Máxima Diária,775,2022
2022-02-01,15,total,Total,1294,2022
2022-02-01,15,mdu,Média dos Dias Úteis,55,2022
2022-02-01,15,msa,Média dos Sábados,34,2022
2022-02-01,15,mdo,Média dos Domingos,18,2022
2022-02-01,15,max,Máxima Diária,59,2022
2022-02-01,NA,total,Total,52377,2022
2022-02-01,NA,mdu,Média dos Dias Úteis,2031,2022
2022-02-01,NA,msa,Média dos Sábados,1200,2022
2022-02-01,NA,mdo,Média dos Domingos,634,2022
2022-02-01,NA,max,Máxima Diária,2106,2022
2022-03-01,1,total,Total,18216,2022
2022-03-01,1,mdu,Média dos Dias Úteis,706,2022
2022-03-01,1,msa,Média dos Sábados,436,2022
2022-03-01,1,mdo,Média dos Domingos,198,2022
2022-03-01,1,max,Máxima Diária,734,2022
2022-03-01,2,total,Total,10739,2022
2022-03-01,2,mdu,Média dos Dias Úteis,424,2022
2022-03-01,2,msa,Média dos Sábados,215,2022
2022-03-01,2,mdo,Média dos Domingos,130,2022
2022-03-01,2,max,Máxima Diária,444,2022
2022-03-01,3,total,Total,21835,2022
2022-03-01,3,mdu,Média dos Dias Úteis,840,2022
2022-03-01,3,msa,Média dos Sábados,513,2022
2022-03-01,3,mdo,Média dos Domingos,287,2022
2022-03-01,3,max,Máxima Diária,895,2022
2022-03-01,15,total,Total,1587,2022
2022-03-01,15,mdu,Média dos Dias Úteis,62,2022
2022-03-01,15,msa,Média dos Sábados,36,2022
2022-03-01,15,mdo,Média dos Domingos,18,2022
2022-03-01,15,max,Máxima Diária,64,2022
2022-03-01,NA,total,Total,49759,2022
2022-03-01,NA,mdu,Média dos Dias Úteis,2110,2022
2022-03-01,NA,msa,Média dos Sábados,1176,2022
2022-03-01,NA,mdo,Média dos Domingos,697,2022
2022-03-01,NA,max,Máxima Diária,2173,2022
2022-04-01,1,total,Total,17547,2022
2022-04-01,1,mdu,Média dos Dias Úteis,742,2022
2022-04-01,1,msa,Média dos Sábados,430,2022
2022-04-01,1,mdo,Média dos Domingos,235,2022
2022-04-01,1,max,Máxima Diária,771,2022
2022-04-01,2,total,Total,10196,2022
2022-04-01,2,mdu,Média dos Dias Úteis,444,2022
2022-04-01,2,msa,Média dos Sábados,212,2022
2022-04-01,2,mdo,Média dos Domingos,134,2022
2022-04-01,2,max,Máxima Diária,459,2022
2022-04-01,3,total,Total,20508,2022
2022-04-01,3,mdu,Média dos Dias Úteis,859,2022
2022-04-01,3,msa,Média dos Sábados,499,2022
2022-04-01,3,mdo,Média dos Domingos,308,2022
2022-04-01,3,max,Máxima Diária,877,2022
2022-04-01,15,total,Total,1507,2022
2022-04-01,15,mdu,Média dos Dias Úteis,64,2022
2022-04-01,15,msa,Média dos Sábados,36,2022
2022-04-01,15,mdo,Média dos Domingos,19,2022
2022-04-01,15,max,Máxima Diária,69,2022
2022-04-01,NA,total,Total,54925,2022
2022-04-01,NA,mdu,Média dos Dias Úteis,2097,2022
2022-04-01,NA,msa,Média dos Sábados,1282,2022
2022-04-01,NA,mdo,Média dos Domingos,721,2022
2022-04-01,NA,max,Máxima Diária,2170,2022
2022-05-01,1,total,Total,19350,2022
2022-05-01,1,mdu,Média dos Dias Úteis,738,2022
2022-05-01,1,msa,Média dos Sábados,473,2022
2022-05-01,1,mdo,Média dos Domingos,242,2022
2022-05-01,1,max,Máxima Diária,765,2022
2022-05-01,2,total,Total,11447,2022
2022-05-01,2,mdu,Média dos Dias Úteis,447,2022
2022-05-01,2,msa,Média dos Sábados,228,2022
2022-05-01,2,mdo,Média dos Domingos,135,2022
2022-05-01,2,max,Máxima Diária,468,2022
2022-05-01,3,total,Total,22453,2022
2022-05-01,3,mdu,Média dos Dias Úteis,847,2022
2022-05-01,3,msa,Média dos Sábados,542,2022
2022-05-01,3,mdo,Média dos Domingos,324,2022
2022-05-01,3,max,Máxima Diária,877,2022
2022-05-01,15,total,Total,1674,2022
2022-05-01,15,mdu,Média dos Dias Úteis,64,2022
2022-05-01,15,msa,Média dos Sábados,39,2022
2022-05-01,15,mdo,Média dos Domingos,20,2022
2022-05-01,15,max,Máxima Diária,66,2022
2022-05-01,NA,total,Total,51118,2022
2022-05-01,NA,mdu,Média dos Dias Úteis,2029,2022
2022-05-01,NA,msa,Média dos Sábados,1200,2022
2022-05-01,NA,mdo,Média dos Domingos,737,2022
2022-05-01,NA,max,Máxima Diária,2113,2022
2022-06-01,1,total,Total,17926,2022
2022-06-01,1,mdu,Média dos Dias Úteis,710,2022
2022-06-01,1,msa,Média dos Sábados,437,2022
2022-06-01,1,mdo,Média dos Domingos,242,2022
2022-06-01,1,max,Máxima Diária,746,2022
2022-06-01,2,total,Total,10638,2022
2022-06-01,2,mdu,Média dos Dias Úteis,431,2022
2022-06-01,2,msa,Média dos Sábados,214,2022
2022-06-01,2,mdo,Média dos Domingos,153,2022
2022-06-01,2,max,Máxima Diária,447,2022
2022-06-01,3,total,Total,20959,2022
2022-06-01,3,mdu,Média dos Dias Úteis,823,2022
2022-06-01,3,msa,Média dos Sábados,514,2022
2022-06-01,3,mdo,Média dos Domingos,322,2022
2022-06-01,3,max,Máxima Diária,858,2022
2022-06-01,15,total,Total,1596,2022
2022-06-01,15,mdu,Média dos Dias Úteis,64,2022
2022-06-01,15,msa,Média dos Sábados,35,2022
2022-06-01,15,mdo,Média dos Domingos,20,2022
2022-06-01,15,max,Máxima Diária,70,2022
2022-06-01,NA,total,Total,50928,2022
2022-06-01,NA,mdu,Média dos Dias Úteis,1960,2022
2022-06-01,NA,msa,Média dos Sábados,1218,2022
2022-06-01,NA,mdo,Média dos Domingos,731,2022
2022-06-01,NA,max,Máxima Diária,2058,2022
2022-07-01,1,total,Total,18175,2022
2022-07-01,1,mdu,Média dos Dias Úteis,690,2022
2022-07-01,1,msa,Média dos Sábados,459,2022
2022-07-01,1,mdo,Média dos Domingos,265,2022
2022-07-01,1,max,Máxima Diária,752,2022
2022-07-01,2,total,Total,10490,2022
2022-07-01,2,mdu,Média dos Dias Úteis,413,2022
2022-07-01,2,msa,Média dos Sábados,222,2022
2022-07-01,2,mdo,Média dos Domingos,146,2022
2022-07-01,2,max,Máxima Diária,430,2022
2022-07-01,3,total,Total,20746,2022
2022-07-01,3,mdu,Média dos Dias Úteis,795,2022
2022-07-01,3,msa,Média dos Sábados,511,2022
2022-07-01,3,mdo,Média dos Domingos,303,2022
2022-07-01,3,max,Máxima Diária,833,2022
2022-07-01,15,total,Total,1517,2022
2022-07-01,15,mdu,Média dos Dias Úteis,62,2022
2022-07-01,15,msa,Média dos Sábados,26,2022
2022-07-01,15,mdo,Média dos Domingos,16,2022
2022-07-01,15,max,Máxima Diária,64,2022
2022-07-01,NA,total,Total,56481,2022
2022-07-01,NA,mdu,Média dos Dias Úteis,2122,2022
2022-07-01,NA,msa,Média dos Sábados,1226,2022
2022-07-01,NA,mdo,Média dos Domingos,691,2022
2022-07-01,NA,max,Máxima Diária,2216,2022
2022-08-01,1,total,Total,19922,2022
2022-08-01,1,mdu,Média dos Dias Úteis,747,2022
2022-08-01,1,msa,Média dos Sábados,454,2022
2022-08-01,1,mdo,Média dos Domingos,232,2022
2022-08-01,1,max,Máxima Diária,779,2022
2022-08-01,2,total,Total,12057,2022
2022-08-01,2,mdu,Média dos Dias Úteis,460,2022
2022-08-01,2,msa,Média dos Sábados,231,2022
2022-08-01,2,mdo,Média dos Domingos,136,2022
2022-08-01,2,max,Máxima Diária,487,2022
2022-08-01,3,total,Total,22792,2022
2022-08-01,3,mdu,Média dos Dias Úteis,849,2022
2022-08-01,3,msa,Média dos Sábados,513,2022
2022-08-01,3,mdo,Média dos Domingos,305,2022
2022-08-01,3,max,Máxima Diária,888,2022
2022-08-01,15,total,Total,1709,2022
2022-08-01,15,mdu,Média dos Dias Úteis,67,2022
2022-08-01,15,msa,Média dos Sábados,28,2022
2022-08-01,15,mdo,Média dos Domingos,17,2022
2022-08-01,15,max,Máxima Diária,69,2022
2022-08-01,NA,total,Total,54054,2022
2022-08-01,NA,mdu,Média dos Dias Úteis,2164,2022
2022-08-01,NA,msa,Média dos Sábados,1269,2022
2022-08-01,NA,mdo,Média dos Domingos,681,2022
2022-08-01,NA,max,Máxima Diária,2248,2022
2022-09-01,1,total,Total,19046,2022
2022-09-01,1,mdu,Média dos Dias Úteis,761,2022
2022-09-01,1,msa,Média dos Sábados,466,2022
2022-09-01,1,mdo,Média dos Domingos,237,2022
2022-09-01,1,max,Máxima Diária,796,2022
2022-09-01,2,total,Total,11553,2022
2022-09-01,2,mdu,Média dos Dias Úteis,470,2022
2022-09-01,2,msa,Média dos Sábados,235,2022
2022-09-01,2,mdo,Média dos Domingos,135,2022
2022-09-01,2,max,Máxima Diária,490,2022
2022-09-01,3,total,Total,21793,2022
2022-09-01,3,mdu,Média dos Dias Úteis,865,2022
2022-09-01,3,msa,Média dos Sábados,534,2022
2022-09-01,3,mdo,Média dos Domingos,290,2022
2022-09-01,3,max,Máxima Diária,910,2022
2022-09-01,15,total,Total,1661,2022
2022-09-01,15,mdu,Média dos Dias Úteis,68,2022
2022-09-01,15,msa,Média dos Sábados,34,2022
2022-09-01,15,mdo,Média dos Domingos,20,2022
2022-09-01,15,max,Máxima Diária,74,2022
2022-09-01,NA,total,Total,55234,2022
2022-09-01,NA,mdu,Média dos Dias Úteis,2203,2022
2022-09-01,NA,msa,Média dos Sábados,1279,2022
2022-09-01,NA,mdo,Média dos Domingos,731,2022
2022-09-01,NA,max,Máxima Diária,2308,2022
2022-10-01,1,total,Total,19679,2022
2022-10-01,1,mdu,Média dos Dias Úteis,782,2022
2022-10-01,1,msa,Média dos Sábados,475,2022
2022-10-01,1,mdo,Média dos Domingos,257,2022
2022-10-01,1,max,Máxima Diária,828,2022
2022-10-01,2,total,Total,11672,2022
2022-10-01,2,mdu,Média dos Dias Úteis,475,2022
2022-10-01,2,msa,Média dos Sábados,238,2022
2022-10-01,2,mdo,Média dos Domingos,150,2022
2022-10-01,2,max,Máxima Diária,498,2022
2022-10-01,3,total,Total,22203,2022
2022-10-01,3,mdu,Média dos Dias Úteis,878,2022
2022-10-01,3,msa,Média dos Sábados,533,2022
2022-10-01,3,mdo,Média dos Domingos,305,2022
2022-10-01,3,max,Máxima Diária,918,2022
2022-10-01,15,total,Total,1679,2022
2022-10-01,15,mdu,Média dos Dias Úteis,69,2022
2022-10-01,15,msa,Média dos Sábados,33,2022
2022-10-01,15,mdo,Média dos Domingos,19,2022
2022-10-01,15,max,Máxima Diária,71,2022
2022-10-01,NA,total,Total,52791,2022
2022-10-01,NA,mdu,Média dos Dias Úteis,2220,2022
2022-10-01,NA,msa,Média dos Sábados,1316,2022
2022-10-01,NA,mdo,Média dos Domingos,749,2022
2022-10-01,NA,max,Máxima Diária,2313,2022
2022-11-01,1,total,Total,18677,2022
2022-11-01,1,mdu,Média dos Dias Úteis,782,2022
2022-11-01,1,msa,Média dos Sábados,484,2022
2022-11-01,1,mdo,Média dos Domingos,263,2022
2022-11-01,1,max,Máxima Diária,816,2022
2022-11-01,2,total,Total,11039,2022
2022-11-01,2,mdu,Média dos Dias Úteis,477,2022
2022-11-01,2,msa,Média dos Sábados,237,2022
2022-11-01,2,mdo,Média dos Domingos,144,2022
2022-11-01,2,max,Máxima Diária,501,2022
2022-11-01,3,total,Total,21421,2022
2022-11-01,3,mdu,Média dos Dias Úteis,889,2022
2022-11-01,3,msa,Média dos Sábados,560,2022
2022-11-01,3,mdo,Média dos Domingos,320,2022
2022-11-01,3,max,Máxima Diária,928,2022
2022-11-01,15,total,Total,1654,2022
2022-11-01,15,mdu,Média dos Dias Úteis,71,2022
2022-11-01,15,msa,Média dos Sábados,34,2022
2022-11-01,15,mdo,Média dos Domingos,22,2022
2022-11-01,15,max,Máxima Diária,74,2022
2022-11-01,NA,total,Total,51030,2022
2022-11-01,NA,mdu,Média dos Dias Úteis,1942,2022
2022-11-01,NA,msa,Média dos Sábados,1427,2022
2022-11-01,NA,mdo,Média dos Domingos,808,2022
2022-11-01,NA,max,Máxima Diária,2374,2022
2022-12-01,1,total,Total,18176,2022
2022-12-01,1,mdu,Média dos Dias Úteis,691,2022
2022-12-01,1,msa,Média dos Sábados,511,2022
2022-12-01,1,mdo,Média dos Domingos,291,2022
2022-12-01,1,max,Máxima Diária,845,2022
2022-12-01,2,total,Total,10182,2022
2022-12-01,2,mdu,Média dos Dias Úteis,396,2022
2022-12-01,2,msa,Média dos Sábados,248,2022
2022-12-01,2,mdo,Média dos Domingos,151,2022
2022-12-01,2,max,Máxima Diária,495,2022
2022-12-01,3,total,Total,21117,2022
2022-12-01,3,mdu,Média dos Dias Úteis,793,2022
2022-12-01,3,msa,Média dos Sábados,642,2022
2022-12-01,3,mdo,Média dos Domingos,348,2022
2022-12-01,3,max,Máxima Diária,959,2022
2022-12-01,15,total,Total,1555,2022
2022-12-01,15,mdu,Média dos Dias Úteis,62,2022
2022-12-01,15,msa,Média dos Sábados,25,2022
2022-12-01,15,mdo,Média dos Domingos,19,2022
2022-12-01,15,max,Máxima Diária,75,2022
2022-12-01,NA,total,Total,609535,2022
2022-12-01,NA,mdu,Média dos Dias Úteis,2017,2022
2022-12-01,NA,msa,Média dos Sábados,1223,2022
2022-12-01,NA,mdo,Média dos Domingos,696,2022
2022-12-01,NA,max,Máxima Diária,2374,2022
2023-01-01,1,total,Total,17163,2023
2023-01-01,1,mdu,Média dos Dias Úteis,659,2023
2023-01-01,1,msa,Média dos Sábados,446,2023
2023-01-01,1,mdo,Média dos Domingos,252,2023
2023-01-01,1,max,Máxima Diária,725,2023
2023-01-01,2,total,Total,9831,2023
2023-01-01,2,mdu,Média dos Dias Úteis,390,2023
2023-01-01,2,msa,Média dos Sábados,208,2023
2023-01-01,2,mdo,Média dos Domingos,134,2023
2023-01-01,2,max,Máxima Diária,446,2023
2023-01-01,3,total,Total,19282,2023
2023-01-01,3,mdu,Média dos Dias Úteis,741,2023
2023-01-01,3,msa,Média dos Sábados,480,2023
2023-01-01,3,mdo,Média dos Domingos,300,2023
2023-01-01,3,max,Máxima Diária,817,2023
2023-01-01,15,total,Total,1505,2023
2023-01-01,15,mdu,Média dos Dias Úteis,59,2023
2023-01-01,15,msa,Média dos Sábados,35,2023
2023-01-01,15,mdo,Média dos Domingos,20,2023
2023-01-01,15,max,Máxima Diária,66,2023
2023-01-01,NA,total,Total,47941,2023
2023-01-01,NA,mdu,Média dos Dias Úteis,2132,2023
2023-01-01,NA,msa,Média dos Sábados,1261,2023
2023-01-01,NA,mdo,Média dos Domingos,745,2023
2023-01-01,NA,max,Máxima Diária,2241,2023
2023-02-01,1,total,Total,17057,2023
2023-02-01,1,mdu,Média dos Dias Úteis,757,2023
2023-02-01,1,msa,Média dos Sábados,465,2023
2023-02-01,1,mdo,Média dos Domingos,255,2023
2023-02-01,1,max,Máxima Diária,792,2023
2023-02-01,2,total,Total,10104,2023
2023-02-01,2,mdu,Média dos Dias Úteis,461,2023
2023-02-01,2,msa,Média dos Sábados,231,2023
2023-02-01,2,mdo,Média dos Domingos,148,2023
2023-02-01,2,max,Máxima Diária,490,2023
2023-02-01,3,total,Total,19249,2023
2023-02-01,3,mdu,Média dos Dias Úteis,844,2023
2023-02-01,3,msa,Média dos Sábados,527,2023
2023-02-01,3,mdo,Média dos Domingos,321,2023
2023-02-01,3,max,Máxima Diária,888,2023
2023-02-01,15,total,Total,1531,2023
2023-02-01,15,mdu,Média dos Dias Úteis,69,2023
2023-02-01,15,msa,Média dos Sábados,38,2023
2023-02-01,15,mdo,Média dos Domingos,21,2023
2023-02-01,15,max,Máxima Diária,76,2023
2023-02-01,NA,total,Total,56849,2023
2023-02-01,NA,mdu,Média dos Dias Úteis,2256,2023
2023-02-01,NA,msa,Média dos Sábados,1310,2023
2023-02-01,NA,mdo,Média dos Domingos,750,2023
2023-02-01,NA,max,Máxima Diária,2321,2023
2023-03-01,1,total,Total,20324,2023
2023-03-01,1,mdu,Média dos Dias Úteis,803,2023
2023-03-01,1,msa,Média dos Sábados,491,2023
2023-03-01,1,mdo,Média dos Domingos,265,2023
2023-03-01,1,max,Máxima Diária,828,2023
2023-03-01,2,total,Total,12263,2023
2023-03-01,2,mdu,Média dos Dias Úteis,494,2023
2023-03-01,2,msa,Média dos Sábados,241,2023
2023-03-01,2,mdo,Média dos Domingos,153,2023
2023-03-01,2,max,Máxima Diária,520,2023
2023-03-01,3,total,Total,22571,2023
2023-03-01,3,mdu,Média dos Dias Úteis,888,2023
2023-03-01,3,msa,Média dos Sábados,539,2023
2023-03-01,3,mdo,Média dos Domingos,311,2023
2023-03-01,3,max,Máxima Diária,914,2023
2023-03-01,15,total,Total,1692,2023
2023-03-01,15,mdu,Média dos Dias Úteis,72,2023
2023-03-01,15,msa,Média dos Sábados,40,2023
2023-03-01,15,mdo,Média dos Domingos,21,2023
2023-03-01,15,max,Máxima Diária,74,2023
2023-03-01,NA,total,Total,51917,2023
2023-03-01,NA,mdu,Média dos Dias Úteis,2258,2023
2023-03-01,NA,msa,Média dos Sábados,1211,2023
2023-03-01,NA,mdo,Média dos Domingos,720,2023
2023-03-01,NA,max,Máxima Diária,2372,2023
2023-04-01,1,total,Total,18701,2023
2023-04-01,1,mdu,Média dos Dias Úteis,808,2023
2023-04-01,1,msa,Média dos Sábados,453,2023
2023-04-01,1,mdo,Média dos Domingos,262,2023
2023-04-01,1,max,Máxima Diária,830,2023
2023-04-01,2,total,Total,10961,2023
2023-04-01,2,mdu,Média dos Dias Úteis,492,2023
2023-04-01,2,msa,Média dos Sábados,219,2023
2023-04-01,2,mdo,Média dos Domingos,140,2023
2023-04-01,2,max,Máxima Diária,512,2023
2023-04-01,3,total,Total,20602,2023
2023-04-01,3,mdu,Média dos Dias Úteis,886,2023
2023-04-01,3,msa,Média dos Sábados,501,2023
2023-04-01,3,mdo,Média dos Domingos,296,2023
2023-04-01,3,max,Máxima Diária,973,2023
2023-04-01,15,total,Total,1653,2023
2023-04-01,15,mdu,Média dos Dias Úteis,72,2023
2023-04-01,15,msa,Média dos Sábados,37,2023
2023-04-01,15,mdo,Média dos Domingos,22,2023
2023-04-01,15,max,Máxima Diária,74,2023
2023-04-01,NA,total,Total,58553,2023
2023-04-01,NA,mdu,Média dos Dias Úteis,2249,2023
2023-04-01,NA,msa,Média dos Sábados,1328,2023
2023-04-01,NA,mdo,Média dos Domingos,752,2023
2023-04-01,NA,max,Máxima Diária,2303,2023
2023-05-01,1,total,Total,20998,2023
2023-05-01,1,mdu,Média dos Dias Úteis,804,2023
2023-05-01,1,msa,Média dos Sábados,496,2023
2023-05-01,1,mdo,Média dos Domingos,263,2023
2023-05-01,1,max,Máxima Diária,829,2023
2023-05-01,2,total,Total,12543,2023
2023-05-01,2,mdu,Média dos Dias Úteis,493,2023
2023-05-01,2,msa,Média dos Sábados,243,2023
2023-05-01,2,mdo,Média dos Domingos,146,2023
2023-05-01,2,max,Máxima Diária,512,2023
2023-05-01,3,total,Total,23125,2023
2023-05-01,3,mdu,Média dos Dias Úteis,880,2023
2023-05-01,3,msa,Média dos Sábados,547,2023
2023-05-01,3,mdo,Média dos Domingos,321,2023
2023-05-01,3,max,Máxima Diária,901,2023
2023-05-01,15,total,Total,1886,2023
2023-05-01,15,mdu,Média dos Dias Úteis,73,2023
2023-05-01,15,msa,Média dos Sábados,43,2023
2023-05-01,15,mdo,Média dos Domingos,23,2023
2023-05-01,15,max,Máxima Diária,75,2023
2023-05-01,NA,total,Total,55033,2023
2023-05-01,NA,mdu,Média dos Dias Úteis,2194,2023
2023-05-01,NA,msa,Média dos Sábados,1316,2023
2023-05-01,NA,mdo,Média dos Domingos,794,2023
2023-05-01,NA,max,Máxima Diária,2376,2023
2023-06-01,1,total,Total,19720,2023
2023-06-01,1,mdu,Média dos Dias Úteis,785,2023
2023-06-01,1,msa,Média dos Sábados,484,2023
2023-06-01,1,mdo,Média dos Domingos,266,2023
2023-06-01,1,max,Máxima Diária,858,2023
2023-06-01,2,total,Total,11713,2023
2023-06-01,2,mdu,Média dos Dias Úteis,478,2023
2023-06-01,2,msa,Média dos Sábados,246,2023
2023-06-01,2,mdo,Média dos Domingos,165,2023
2023-06-01,2,max,Máxima Diária,521,2023
2023-06-01,3,total,Total,21868,2023
2023-06-01,3,mdu,Média dos Dias Úteis,859,2023
2023-06-01,3,msa,Média dos Sábados,556,2023
2023-06-01,3,mdo,Média dos Domingos,345,2023
2023-06-01,3,max,Máxima Diária,932,2023
2023-06-01,15,total,Total,1732,2023
2023-06-01,15,mdu,Média dos Dias Úteis,73,2023
2023-06-01,15,msa,Média dos Sábados,30,2023
2023-06-01,15,mdo,Média dos Domingos,18,2023
2023-06-01,15,max,Máxima Diária,77,2023
2023-06-01,NA,total,Total,53657,2023
2023-06-01,NA,mdu,Média dos Dias Úteis,2072,2023
2023-06-01,NA,msa,Média dos Sábados,1289,2023
2023-06-01,NA,mdo,Média dos Domingos,738,2023
2023-06-01,NA,max,Máxima Diária,2140,2023
2023-07-01,1,total,Total,19187,2023
2023-07-01,1,mdu,Média dos Dias Úteis,735,2023
2023-07-01,1,msa,Média dos Sábados,485,2023
2023-07-01,1,mdo,Média dos Domingos,265,2023
2023-07-01,1,max,Máxima Diária,770,2023
2023-07-01,2,total,Total,11490,2023
2023-07-01,2,mdu,Média dos Dias Úteis,453,2023
2023-07-01,2,msa,Média dos Sábados,243,2023
2023-07-01,2,mdo,Média dos Domingos,154,2023
2023-07-01,2,max,Máxima Diária,477,2023
2023-07-01,3,total,Total,21327,2023
2023-07-01,3,mdu,Média dos Dias Úteis,817,2023
2023-07-01,3,msa,Média dos Sábados,532,2023
2023-07-01,3,mdo,Média dos Domingos,303,2023
2023-07-01,3,max,Máxima Diária,844,2023
2023-07-01,15,total,Total,1653,2023
2023-07-01,15,mdu,Média dos Dias Úteis,68,2023
2023-07-01,15,msa,Média dos Sábados,28,2023
2023-07-01,15,mdo,Média dos Domingos,17,2023
2023-07-01,15,max,Máxima Diária,71,2023
2023-07-01,NA,total,Total,60365,2023
2023-07-01,NA,mdu,Média dos Dias Úteis,2272,2023
2023-07-01,NA,msa,Média dos Sábados,1304,2023
2023-07-01,NA,mdo,Média dos Domingos,724,2023
2023-07-01,NA,max,Máxima Diária,2374,2023
2023-08-01,1,total,Total,21408,2023
2023-08-01,1,mdu,Média dos Dias Úteis,802,2023
2023-08-01,1,msa,Média dos Sábados,484,2023
2023-08-01,1,mdo,Média dos Domingos,255,2023
2023-08-01,1,max,Máxima Diária,835,2023
2023-08-01,2,total,Total,13343,2023
2023-08-01,2,mdu,Média dos Dias Úteis,512,2023
2023-08-01,2,msa,Média dos Sábados,245,2023
2023-08-01,2,mdo,Média dos Domingos,147,2023
2023-08-01,2,max,Máxima Diária,541,2023
2023-08-01,3,total,Total,23646,2023
2023-08-01,3,mdu,Média dos Dias Úteis,883,2023
2023-08-01,3,msa,Média dos Sábados,534,2023
2023-08-01,3,mdo,Média dos Domingos,301,2023
2023-08-01,3,max,Máxima Diária,925,2023
2023-08-01,15,total,Total,1969,2023
2023-08-01,15,mdu,Média dos Dias Úteis,75,2023
2023-08-01,15,msa,Média dos Sábados,41,2023
2023-08-01,15,mdo,Média dos Domingos,22,2023
2023-08-01,15,max,Máxima Diária,78,2023
2023-08-01,NA,total,Total,56680,2023
2023-08-01,NA,mdu,Média dos Dias Úteis,2337,2023
2023-08-01,NA,msa,Média dos Sábados,1309,2023
2023-08-01,NA,mdo,Média dos Domingos,776,2023
2023-08-01,NA,max,Máxima Diária,2419,2023
2023-09-01,1,total,Total,20269,2023
2023-09-01,1,mdu,Média dos Dias Úteis,829,2023
2023-09-01,1,msa,Média dos Sábados,487,2023
2023-09-01,1,mdo,Média dos Domingos,277,2023
2023-09-01,1,max,Máxima Diária,871,2023
2023-09-01,2,total,Total,12279,2023
2023-09-01,2,mdu,Média dos Dias Úteis,521,2023
2023-09-01,2,msa,Média dos Sábados,248,2023
2023-09-01,2,mdo,Média dos Domingos,158,2023
2023-09-01,2,max,Máxima Diária,540,2023
2023-09-01,3,total,Total,22305,2023
2023-09-01,3,mdu,Média dos Dias Úteis,911,2023
2023-09-01,3,msa,Média dos Sábados,534,2023
2023-09-01,3,mdo,Média dos Domingos,318,2023
2023-09-01,3,max,Máxima Diária,941,2023
2023-09-01,15,total,Total,1827,2023
2023-09-01,15,mdu,Média dos Dias Úteis,76,2023
2023-09-01,15,msa,Média dos Sábados,40,2023
2023-09-01,15,mdo,Média dos Domingos,23,2023
2023-09-01,15,max,Máxima Diária,79,2023
2023-09-01,NA,total,Total,55169,2023
2023-09-01,NA,mdu,Média dos Dias Úteis,2321,2023
2023-09-01,NA,msa,Média dos Sábados,1310,2023
2023-09-01,NA,mdo,Média dos Domingos,707,2023
2023-09-01,NA,max,Máxima Diária,2445,2023
2023-10-01,1,total,Total,19754,2023
2023-10-01,1,mdu,Média dos Dias Úteis,826,2023
2023-10-01,1,msa,Média dos Sábados,494,2023
2023-10-01,1,mdo,Média dos Domingos,253,2023
2023-10-01,1,max,Máxima Diária,877,2023
2023-10-01,2,total,Total,12113,2023
2023-10-01,2,mdu,Média dos Dias Úteis,523,2023
2023-10-01,2,msa,Média dos Sábados,248,2023
2023-10-01,2,mdo,Média dos Domingos,142,2023
2023-10-01,2,max,Máxima Diária,551,2023
2023-10-01,3,total,Total,21584,2023
2023-10-01,3,mdu,Média dos Dias Úteis,897,2023
2023-10-01,3,msa,Média dos Sábados,538,2023
2023-10-01,3,mdo,Média dos Domingos,293,2023
2023-10-01,3,max,Máxima Diária,958,2023
2023-10-01,15,total,Total,1718,2023
2023-10-01,15,mdu,Média dos Dias Úteis,75,2023
2023-10-01,15,msa,Média dos Sábados,30,2023
2023-10-01,15,mdo,Média dos Domingos,19,2023
2023-10-01,15,max,Máxima Diária,79,2023
2023-10-01,NA,total,Total,54188,2023
2023-10-01,NA,mdu,Média dos Dias Úteis,2384,2023
2023-10-01,NA,msa,Média dos Sábados,1354,2023
2023-10-01,NA,mdo,Média dos Domingos,878,2023
2023-10-01,NA,max,Máxima Diária,2446,2023
2023-11-01,1,total,Total,19241,2023
2023-11-01,1,mdu,Média dos Dias Úteis,846,2023
2023-11-01,1,msa,Média dos Sábados,500,2023
2023-11-01,1,mdo,Média dos Domingos,292,2023
2023-11-01,1,max,Máxima Diária,876,2023
2023-11-01,2,total,Total,11717,2023
2023-11-01,2,mdu,Média dos Dias Úteis,535,2023
2023-11-01,2,msa,Média dos Sábados,245,2023
2023-11-01,2,mdo,Média dos Domingos,157,2023
2023-11-01,2,max,Máxima Diária,557,2023
2023-11-01,3,total,Total,21516,2023
2023-11-01,3,mdu,Média dos Dias Úteis,925,2023
2023-11-01,3,msa,Média dos Sábados,568,2023
2023-11-01,3,mdo,Média dos Domingos,405,2023
2023-11-01,3,max,Máxima Diária,949,2023
2023-11-01,15,total,Total,1714,2023
2023-11-01,15,mdu,Média dos Dias Úteis,77,2023
2023-11-01,15,msa,Média dos Sábados,41,2023
2023-11-01,15,mdo,Média dos Domingos,24,2023
2023-11-01,15,max,Máxima Diária,79,2023
2023-11-01,NA,total,Total,53942,2023
2023-11-01,NA,mdu,Média dos Dias Úteis,2146,2023
2023-11-01,NA,msa,Média dos Sábados,1341,2023
2023-11-01,NA,mdo,Média dos Domingos,911,2023
2023-11-01,NA,max,Máxima Diária,2448,2023
2023-12-01,1,total,Total,19243,2023
2023-12-01,1,mdu,Média dos Dias Úteis,765,2023
2023-12-01,1,msa,Média dos Sábados,488,2023
2023-12-01,1,mdo,Média dos Domingos,315,2023
2023-12-01,1,max,Máxima Diária,877,2023
2023-12-01,2,total,Total,11319,2023
2023-12-01,2,mdu,Média dos Dias Úteis,466,2023
2023-12-01,2,msa,Média dos Sábados,230,2023
2023-12-01,2,mdo,Média dos Domingos,177,2023
2023-12-01,2,max,Máxima Diária,548,2023
2023-12-01,3,total,Total,21710,2023
2023-12-01,3,mdu,Média dos Dias Úteis,845,2023
2023-12-01,3,msa,Média dos Sábados,591,2023
2023-12-01,3,mdo,Média dos Domingos,397,2023
2023-12-01,3,max,Máxima Diária,952,2023
2023-12-01,15,total,Total,1670,2023
2023-12-01,15,mdu,Média dos Dias Úteis,70,2023
2023-12-01,15,msa,Média dos Sábados,31,2023
2023-12-01,15,mdo,Média dos Domingos,22,2023
2023-12-01,15,max,Máxima Diária,80,2023
2023-12-01,NA,total,Total,652076,2023
2023-12-01,NA,mdu,Média dos Dias Úteis,2206,2023
2023-12-01,NA,msa,Média dos Sábados,1292,2023
2023-12-01,NA,mdo,Média dos Domingos,767,2023
2023-12-01,NA,max,Máxima Diária,2448,2023
2024-01-01,1,total,Total,17684,2024
2024-01-01,1,mdu,Média dos Dias Úteis,687,2024
2024-01-01,1,msa,Média dos Sábados,448,2024
2024-01-01,1,mdo,Média dos Domingos,252,2024
2024-01-01,1,max,Máxima Diária,759,2024
2024-01-01,2,total,Total,10704,2024
2024-01-01,2,mdu,Média dos Dias Úteis,432,2024
2024-01-01,2,msa,Média dos Sábados,223,2024
2024-01-01,2,mdo,Média dos Domingos,139,2024
2024-01-01,2,max,Máxima Diária,495,2024
2024-01-01,3,total,Total,20195,2024
2024-01-01,3,mdu,Média dos Dias Úteis,786,2024
2024-01-01,3,msa,Média dos Sábados,495,2024
2024-01-01,3,mdo,Média dos Domingos,299,2024
2024-01-01,3,max,Máxima Diária,890,2024
2024-01-01,15,total,Total,1575,2024
2024-01-01,15,mdu,Média dos Dias Úteis,64,2024
2024-01-01,15,msa,Média dos Sábados,28,2024
2024-01-01,15,mdo,Média dos Domingos,20,2024
2024-01-01,15,max,Máxima Diária,71,2024
2024-01-01,NA,total,Total,52741,2024
2024-01-01,NA,mdu,Média dos Dias Úteis,2248,2024
2024-01-01,NA,msa,Média dos Sábados,1299,2024
2024-01-01,NA,mdo,Média dos Domingos,831,2024
2024-01-01,NA,max,Máxima Diária,2348,2024
2024-02-01,1,total,Total,18558,2024
2024-02-01,1,mdu,Média dos Dias Úteis,789,2024
2024-02-01,1,msa,Média dos Sábados,476,2024
2024-02-01,1,mdo,Média dos Domingos,283,2024
2024-02-01,1,max,Máxima Diária,829,2024
2024-02-01,2,total,Total,11727,2024
2024-02-01,2,mdu,Média dos Dias Úteis,512,2024
2024-02-01,2,msa,Média dos Sábados,254,2024
2024-02-01,2,mdo,Média dos Domingos,178,2024
2024-02-01,2,max,Máxima Diária,548,2024
2024-02-01,3,total,Total,20722,2024
2024-02-01,3,mdu,Média dos Dias Úteis,872,2024
2024-02-01,3,msa,Média dos Sábados,528,2024
2024-02-01,3,mdo,Média dos Domingos,348,2024
2024-02-01,3,max,Máxima Diária,908,2024
2024-02-01,15,total,Total,1733,2024
2024-02-01,15,mdu,Média dos Dias Úteis,75,2024
2024-02-01,15,msa,Média dos Sábados,41,2024
2024-02-01,15,mdo,Média dos Domingos,23,2024
2024-02-01,15,max,Máxima Diária,79,2024
2024-02-01,NA,total,Total,57350,2024
2024-02-01,NA,mdu,Média dos Dias Úteis,2345,2024
2024-02-01,NA,msa,Média dos Sábados,1241,2024
2024-02-01,NA,mdo,Média dos Domingos,698,2024
2024-02-01,NA,max,Máxima Diária,2414,2024
2024-03-01,1,total,Total,20437,2024
2024-03-01,1,mdu,Média dos Dias Úteis,830,2024
2024-03-01,1,msa,Média dos Sábados,459,2024
2024-03-01,1,mdo,Média dos Domingos,255,2024
2024-03-01,1,max,Máxima Diária,852,2024
2024-03-01,2,total,Total,12756,2024
2024-03-01,2,mdu,Média dos Dias Úteis,535,2024
2024-03-01,2,msa,Média dos Sábados,238,2024
2024-03-01,2,mdo,Média dos Domingos,143,2024
2024-03-01,2,max,Máxima Diária,558,2024
2024-03-01,3,total,Total,22256,2024
2024-03-01,3,mdu,Média dos Dias Úteis,900,2024
2024-03-01,3,msa,Média dos Sábados,508,2024
2024-03-01,3,mdo,Média dos Domingos,279,2024
2024-03-01,3,max,Máxima Diária,936,2024
2024-03-01,15,total,Total,1901,2024
2024-03-01,15,mdu,Média dos Dias Úteis,79,2024
2024-03-01,15,msa,Média dos Sábados,37,2024
2024-03-01,15,mdo,Média dos Domingos,21,2024
2024-03-01,15,max,Máxima Diária,81,2024
2024-03-01,NA,total,Total,59743,2024
2024-03-01,NA,mdu,Média dos Dias Úteis,2339,2024
2024-03-01,NA,msa,Média dos Sábados,1327,2024
2024-03-01,NA,mdo,Média dos Domingos,748,2024
2024-03-01,NA,max,Máxima Diária,2403,2024
2024-04-01,1,total,Total,21247,2024
2024-04-01,1,mdu,Média dos Dias Úteis,828,2024
2024-04-01,1,msa,Média dos Sábados,494,2024
2024-04-01,1,mdo,Média dos Domingos,263,2024
2024-04-01,1,max,Máxima Diária,844,2024
2024-04-01,2,total,Total,13423,2024
2024-04-01,2,mdu,Média dos Dias Úteis,536,2024
2024-04-01,2,msa,Média dos Sábados,254,2024
2024-04-01,2,mdo,Média dos Domingos,153,2024
2024-04-01,2,max,Máxima Diária,557,2024
2024-04-01,3,total,Total,23031,2024
2024-04-01,3,mdu,Média dos Dias Úteis,894,2024
2024-04-01,3,msa,Média dos Sábados,535,2024
2024-04-01,3,mdo,Média dos Domingos,309,2024
2024-04-01,3,max,Máxima Diária,923,2024
2024-04-01,15,total,Total,2043,2024
2024-04-01,15,mdu,Média dos Dias Úteis,81,2024
2024-04-01,15,msa,Média dos Sábados,44,2024
2024-04-01,15,mdo,Média dos Domingos,23,2024
2024-04-01,15,max,Máxima Diária,83,2024
2024-04-01,NA,total,Total,57924,2024
2024-04-01,NA,mdu,Média dos Dias Úteis,2320,2024
2024-04-01,NA,msa,Média dos Sábados,1316,2024
2024-04-01,NA,mdo,Média dos Domingos,699,2024
2024-04-01,NA,max,Máxima Diária,2388,2024
2024-05-01,1,total,Total,20623,2024
2024-05-01,1,mdu,Média dos Dias Úteis,820,2024
2024-05-01,1,msa,Média dos Sábados,486,2024
2024-05-01,1,mdo,Média dos Domingos,255,2024
2024-05-01,1,max,Máxima Diária,844,2024
2024-05-01,2,total,Total,12893,2024
2024-05-01,2,mdu,Média dos Dias Úteis,533,2024
2024-05-01,2,msa,Média dos Sábados,248,2024
2024-05-01,2,mdo,Média dos Domingos,137,2024
2024-05-01,2,max,Máxima Diária,557,2024
2024-05-01,3,total,Total,22415,2024
2024-05-01,3,mdu,Média dos Dias Úteis,886,2024
2024-05-01,3,msa,Média dos Sábados,538,2024
2024-05-01,3,mdo,Média dos Domingos,285,2024
2024-05-01,3,max,Máxima Diária,917,2024
2024-05-01,15,total,Total,1992,2024
2024-05-01,15,mdu,Média dos Dias Úteis,81,2024
2024-05-01,15,msa,Média dos Sábados,44,2024
2024-05-01,15,mdo,Média dos Domingos,22,2024
2024-05-01,15,max,Máxima Diária,84,2024
2024-05-01,NA,total,Total,56271,2024
2024-05-01,NA,mdu,Média dos Dias Úteis,2286,2024
2024-05-01,NA,msa,Média dos Sábados,1334,2024
2024-05-01,NA,mdo,Média dos Domingos,774,2024
2024-05-01,NA,max,Máxima Diária,2393,2024
2024-06-01,1,total,Total,19934,2024
2024-06-01,1,mdu,Média dos Dias Úteis,806,2024
2024-06-01,1,msa,Média dos Sábados,493,2024
2024-06-01,1,mdo,Média dos Domingos,268,2024
2024-06-01,1,max,Máxima Diária,848,2024
2024-06-01,2,total,Total,12532,2024
2024-06-01,2,mdu,Média dos Dias Úteis,521,2024
2024-06-01,2,msa,Média dos Sábados,252,2024
2024-06-01,2,mdo,Média dos Domingos,172,2024
2024-06-01,2,max,Máxima Diária,547,2024
2024-06-01,3,total,Total,21887,2024
2024-06-01,3,mdu,Média dos Dias Úteis,879,2024
2024-06-01,3,msa,Média dos Sábados,546,2024
2024-06-01,3,mdo,Média dos Domingos,317,2024
2024-06-01,3,max,Máxima Diária,919,2024
2024-06-01,15,total,Total,1919,2024
2024-06-01,15,mdu,Média dos Dias Úteis,81,2024
2024-06-01,15,msa,Média dos Sábados,43,2024
2024-06-01,15,mdo,Média dos Domingos,17,2024
2024-06-01,15,max,Máxima Diária,84,2024
2024-06-01,NA,total,Total,55306,2024
2024-06-01,NA,mdu,Média dos Dias Úteis,2127,2024
2024-06-01,NA,msa,Média dos Sábados,1309,2024
2024-06-01,NA,mdo,Média dos Domingos,764,2024
2024-06-01,NA,max,Máxima Diária,2226,2024
2024-07-01,1,total,Total,19649,2024
2024-07-01,1,mdu,Média dos Dias Úteis,746,2024
2024-07-01,1,msa,Média dos Sábados,507,2024
2024-07-01,1,mdo,Média dos Domingos,280,2024
2024-07-01,1,max,Máxima Diária,774,2024
2024-07-01,2,total,Total,12274,2024
2024-07-01,2,mdu,Média dos Dias Úteis,484,2024
2024-07-01,2,msa,Média dos Sábados,244,2024
2024-07-01,2,mdo,Média dos Domingos,161,2024
2024-07-01,2,max,Máxima Diária,515,2024
2024-07-01,3,total,Total,21470,2024
2024-07-01,3,mdu,Média dos Dias Úteis,821,2024
2024-07-01,3,msa,Média dos Sábados,519,2024
2024-07-01,3,mdo,Média dos Domingos,301,2024
2024-07-01,3,max,Máxima Diária,861,2024
2024-07-01,15,total,Total,1914,2024
2024-07-01,15,mdu,Média dos Dias Úteis,76,2024
2024-07-01,15,msa,Média dos Sábados,39,2024
2024-07-01,15,mdo,Média dos Domingos,22,2024
2024-07-01,15,max,Máxima Diária,81,2024
2024-07-01,NA,total,Total,60047,2024
2024-07-01,NA,mdu,Média dos Dias Úteis,2307,2024
2024-07-01,NA,msa,Média dos Sábados,1296,2024
2024-07-01,NA,mdo,Média dos Domingos,700,2024
2024-07-01,NA,max,Máxima Diária,2424,2024
2024-08-01,1,total,Total,21265,2024
2024-08-01,1,mdu,Média dos Dias Úteis,812,2024
2024-08-01,1,msa,Média dos Sábados,480,2024
2024-08-01,1,mdo,Média dos Domingos,249,2024
2024-08-01,1,max,Máxima Diária,858,2024
2024-08-01,2,total,Total,13422,2024
2024-08-01,2,mdu,Média dos Dias Úteis,529,2024
2024-08-01,2,msa,Média dos Sábados,243,2024
2024-08-01,2,mdo,Média dos Domingos,139,2024
2024-08-01,2,max,Máxima Diária,558,2024
2024-08-01,3,total,Total,23216,2024
2024-08-01,3,mdu,Média dos Dias Úteis,882,2024
2024-08-01,3,msa,Média dos Sábados,529,2024
2024-08-01,3,mdo,Média dos Domingos,290,2024
2024-08-01,3,max,Máxima Diária,928,2024
2024-08-01,15,total,Total,2144,2024
2024-08-01,15,mdu,Média dos Dias Úteis,83,2024
2024-08-01,15,msa,Média dos Sábados,44,2024
2024-08-01,15,mdo,Média dos Domingos,22,2024
2024-08-01,15,max,Máxima Diária,86,2024
2024-08-01,NA,total,Total,58710,2024
2024-08-01,NA,mdu,Média dos Dias Úteis,2353,2024
2024-08-01,NA,msa,Média dos Sábados,1357,2024
2024-08-01,NA,mdo,Média dos Domingos,799,2024
2024-08-01,NA,max,Máxima Diária,2447,2024
2024-09-01,1,total,Total,20995,2024
2024-09-01,1,mdu,Média dos Dias Úteis,833,2024
2024-09-01,1,msa,Média dos Sábados,512,2024
2024-09-01,1,mdo,Média dos Domingos,297,2024
2024-09-01,1,max,Máxima Diária,874,2024
2024-09-01,2,total,Total,13094,2024
2024-09-01,2,mdu,Média dos Dias Úteis,537,2024
2024-09-01,2,msa,Média dos Sábados,250,2024
2024-09-01,2,mdo,Média dos Domingos,164,2024
2024-09-01,2,max,Máxima Diária,561,2024
2024-09-01,3,total,Total,22585,2024
2024-09-01,3,mdu,Média dos Dias Úteis,899,2024
2024-09-01,3,msa,Média dos Sábados,549,2024
2024-09-01,3,mdo,Média dos Domingos,321,2024
2024-09-01,3,max,Máxima Diária,954,2024
2024-09-01,15,total,Total,2037,2024
2024-09-01,15,mdu,Média dos Dias Úteis,85,2024
2024-09-01,15,msa,Média dos Sábados,46,2024
2024-09-01,15,mdo,Média dos Domingos,16,2024
2024-09-01,15,max,Máxima Diária,88,2024
2024-09-01,NA,total,Total,62452,2024
2024-09-01,NA,mdu,Média dos Dias Úteis,2351,2024
2024-09-01,NA,msa,Média dos Sábados,1317,2024
2024-09-01,NA,mdo,Média dos Domingos,833,2024
2024-09-01,NA,max,Máxima Diária,2449,2024
2024-10-01,1,total,Total,22206,2024
2024-10-01,1,mdu,Média dos Dias Úteis,832,2024
2024-10-01,1,msa,Média dos Sábados,478,2024
2024-10-01,1,mdo,Média dos Domingos,301,2024
2024-10-01,1,max,Máxima Diária,869,2024
2024-10-01,2,total,Total,13971,2024
2024-10-01,2,mdu,Média dos Dias Úteis,539,2024
2024-10-01,2,msa,Média dos Sábados,248,2024
2024-10-01,2,mdo,Média dos Domingos,152,2024
2024-10-01,2,max,Máxima Diária,567,2024
2024-10-01,3,total,Total,24049,2024
2024-10-01,3,mdu,Média dos Dias Úteis,894,2024
2024-10-01,3,msa,Média dos Sábados,545,2024
2024-10-01,3,mdo,Média dos Domingos,351,2024
2024-10-01,3,max,Máxima Diária,926,2024
2024-10-01,15,total,Total,2226,2024
2024-10-01,15,mdu,Média dos Dias Úteis,84,2024
2024-10-01,15,msa,Média dos Sábados,45,2024
2024-10-01,15,mdo,Média dos Domingos,28,2024
2024-10-01,15,max,Máxima Diária,88,2024
2024-10-01,NA,total,Total,57253,2024
2024-10-01,NA,mdu,Média dos Dias Úteis,2388,2024
2024-10-01,NA,msa,Média dos Sábados,1367,2024
2024-10-01,NA,mdo,Média dos Domingos,808,2024
2024-10-01,NA,max,Máxima Diária,2472,2024
2024-11-01,1,total,Total,20460,2024
2024-11-01,1,mdu,Média dos Dias Úteis,847,2024
2024-11-01,1,msa,Média dos Sábados,511,2024
2024-11-01,1,mdo,Média dos Domingos,295,2024
2024-11-01,1,max,Máxima Diária,879,2024
2024-11-01,2,total,Total,12668,2024
2024-11-01,2,mdu,Média dos Dias Úteis,548,2024
2024-11-01,2,msa,Média dos Sábados,253,2024
2024-11-01,2,mdo,Média dos Domingos,153,2024
2024-11-01,2,max,Máxima Diária,575,2024
2024-11-01,3,total,Total,22098,2024
2024-11-01,3,mdu,Média dos Dias Úteis,907,2024
2024-11-01,3,msa,Média dos Sábados,556,2024
2024-11-01,3,mdo,Média dos Domingos,334,2024
2024-11-01,3,max,Máxima Diária,945,2024
2024-11-01,15,total,Total,2027,2024
2024-11-01,15,mdu,Média dos Dias Úteis,87,2024
2024-11-01,15,msa,Média dos Sábados,47,2024
2024-11-01,15,mdo,Média dos Domingos,26,2024
2024-11-01,15,max,Máxima Diária,89,2024
2024-11-01,NA,total,Total,52815,2024
2024-11-01,NA,mdu,Média dos Dias Úteis,2160,2024
2024-11-01,NA,msa,Média dos Sábados,1386,2024
2024-11-01,NA,mdo,Média dos Domingos,832,2024
2024-11-01,NA,max,Máxima Diária,2459,2024
2024-12-01,1,total,Total,18840,2024
2024-12-01,1,mdu,Média dos Dias Úteis,765,2024
2024-12-01,1,msa,Média dos Sábados,517,2024
2024-12-01,1,mdo,Média dos Domingos,300,2024
2024-12-01,1,max,Máxima Diária,888,2024
2024-12-01,2,total,Total,11419,2024
2024-12-01,2,mdu,Média dos Dias Úteis,482,2024
2024-12-01,2,msa,Média dos Sábados,250,2024
2024-12-01,2,mdo,Média dos Domingos,165,2024
2024-12-01,2,max,Máxima Diária,566,2024
2024-12-01,3,total,Total,20679,2024
2024-12-01,3,mdu,Média dos Dias Úteis,834,2024
2024-12-01,3,msa,Média dos Sábados,572,2024
2024-12-01,3,mdo,Média dos Domingos,340,2024
2024-12-01,3,max,Máxima Diária,960,2024
2024-12-01,15,total,Total,1876,2024
2024-12-01,15,mdu,Média dos Dias Úteis,78,2024
2024-12-01,15,msa,Média dos Sábados,47,2024
2024-12-01,15,mdo,Média dos Domingos,26,2024
2024-12-01,15,max,Máxima Diária,89,2024
2024-12-01,NA,total,Total,680769,2024
2024-12-01,NA,mdu,Média dos Dias Úteis,2266,2024
2024-12-01,NA,msa,Média dos Sábados,1312,2024
2024-12-01,NA,mdo,Média dos Domingos,766,2024
2024-12-01,NA,max,Máxima Diária,2472,2024
2025-01-01,1,total,Total,NA,2025
2025-01-01,1,mdu,Média dos Dias Úteis,NA,2025
2025-01-01,1,msa,Média dos Sábados,NA,2025
2025-01-01,1,mdo,Média dos Domingos,NA,2025
2025-01-01,1,max,Máxima Diária,NA,2025
2025-01-01,2,total,Total,NA,2025
2025-01-01,2,mdu,Média dos Dias Úteis,NA,2025
2025-01-01,2,msa,Média dos Sábados,NA,2025
2025-01-01,2,mdo,Média dos Domingos,NA,2025
2025-01-01,2,max,Máxima Diária,NA,2025
2025-01-01,3,total,Total,21.711,2025
2025-01-01,3,mdu,Média dos Dias Úteis,886,2025
2025-01-01,3,msa,Média dos Sábados,540,2025
2025-01-01,3,mdo,Média dos Domingos,318,2025
2025-01-01,3,max,Máxima Diária,933,2025
2025-01-01,15,total,Total,2.055,2025
2025-01-01,15,mdu,Média dos Dias Úteis,87,2025
2025-01-01,15,msa,Média dos Sábados,46,2025
2025-01-01,15,mdo,Média dos Domingos,24,2025
2025-01-01,15,max,Máxima Diária,93,2025
2025-01-01,NA,total,Total,55.424,2025
2025-01-01,NA,mdu,Média dos Dias Úteis,2.107,2025
2025-01-01,NA,msa,Média dos Sábados,1.271,2025
2025-01-01,NA,mdo,Média dos Domingos,759,2025
2025-01-01,NA,max,Máxima Diária,2.21,2025
2025-02-01,1,total,Total,18.128,2025
2025-02-01,1,mdu,Média dos Dias Úteis,695,2025
2025-02-01,1,msa,Média dos Sábados,439,2025
2025-02-01,1,mdo,Média dos Domingos,250,2025
2025-02-01,1,max,Máxima Diária,745,2025
2025-02-01,2,total,Total,11.528,2025
2025-02-01,2,mdu,Média dos Dias Úteis,455,2025
2025-02-01,2,msa,Média dos Sábados,218,2025
2025-02-01,2,mdo,Média dos Domingos,144,2025
2025-02-01,2,max,Máxima Diária,506,2025
2025-02-01,3,total,Total,21.973,2025
2025-02-01,3,mdu,Média dos Dias Úteis,895,2025
2025-02-01,3,msa,Média dos Sábados,543,2025
2025-02-01,3,mdo,Média dos Domingos,317,2025
2025-02-01,3,max,Máxima Diária,925,2025
2025-02-01,15,total,Total,2.07,2025
2025-02-01,15,mdu,Média dos Dias Úteis,87,2025
2025-02-01,15,msa,Média dos Sábados,43,2025
2025-02-01,15,mdo,Média dos Domingos,24,2025
2025-02-01,15,max,Máxima Diária,90,2025
2025-02-01,NA,total,Total,58.624,2025
2025-02-01,NA,mdu,Média dos Dias Úteis,2.3,2025
2025-02-01,NA,msa,Média dos Sábados,1.308,2025
2025-02-01,NA,mdo,Média dos Domingos,757,2025
2025-02-01,NA,max,Máxima Diária,2.406,2025
2025-03-01,1,total,Total,19.001,2025
2025-03-01,1,mdu,Média dos Dias Úteis,807,2025
2025-03-01,1,msa,Média dos Sábados,457,2025
2025-03-01,1,mdo,Média dos Domingos,258,2025
2025-03-01,1,max,Máxima Diária,840,2025
2025-03-01,2,total,Total,12.511,2025
2025-03-01,2,mdu,Média dos Dias Úteis,542,2025
2025-03-01,2,msa,Média dos Sábados,260,2025
2025-03-01,2,mdo,Média dos Domingos,156,2025
2025-03-01,2,max,Máxima Diária,584,2025
2025-03-01,3,total,Total,22.714,2025
2025-03-01,3,mdu,Média dos Dias Úteis,886,2025
2025-03-01,3,msa,Média dos Sábados,537,2025
2025-03-01,3,mdo,Média dos Domingos,322,2025
2025-03-01,3,max,Máxima Diária,919,2025
2025-03-01,15,total,Total,2.12,2025
2025-03-01,15,mdu,Média dos Dias Úteis,87,2025
2025-03-01,15,msa,Média dos Sábados,42,2025
2025-03-01,15,mdo,Média dos Domingos,20,2025
2025-03-01,15,max,Máxima Diária,89,2025
2025-03-01,NA,total,Total,59.999,2025
2025-03-01,NA,mdu,Média dos Dias Úteis,2.339,2025
2025-03-01,NA,msa,Média dos Sábados,1.309,2025
2025-03-01,NA,mdo,Média dos Domingos,823,2025
2025-03-01,NA,max,Máxima Diária,2.423,2025
2025-04-01,1,total,Total,20.116,2025
2025-04-01,1,mdu,Média dos Dias Úteis,832,2025
2025-04-01,1,msa,Média dos Sábados,489,2025
2025-04-01,1,mdo,Média dos Domingos,272,2025
2025-04-01,1,max,Máxima Diária,860,2025
2025-04-01,2,total,Total,12.965,2025
2025-04-01,2,mdu,Média dos Dias Úteis,556,2025
2025-04-01,2,msa,Média dos Sábados,262,2025
2025-04-01,2,mdo,Média dos Domingos,164,2025
2025-04-01,2,max,Máxima Diária,581,2025
2025-04-01,3,total,Total,20.96,2025
2025-04-01,3,mdu,Média dos Dias Úteis,853,2025
2025-04-01,3,msa,Média dos Sábados,535,2025
2025-04-01,3,mdo,Média dos Domingos,310,2025
2025-04-01,3,max,Máxima Diária,897,2025
2025-04-01,15,total,Total,2.023,2025
2025-04-01,15,mdu,Média dos Dias Úteis,85,2025
2025-04-01,15,msa,Média dos Sábados,46,2025
2025-04-01,15,mdo,Média dos Domingos,24,2025
2025-04-01,15,max,Máxima Diária,94,2025
2025-04-01,NA,total,Total,NA,2025
2025-04-01,NA,mdu,Média dos Dias Úteis,NA,2025
2025-04-01,NA,msa,Média dos Sábados,NA,2025
2025-04-01,NA,mdo,Média dos Domingos,NA,2025
2025-04-01,NA,max,Máxima Diária,NA,2025
2025-05-01,1,total,Total,20.4,2025
2025-05-01,1,mdu,Média dos Dias Úteis,843,2025
2025-05-01,1,msa,Média dos Sábados,475,2025
2025-05-01,1,mdo,Média dos Domingos,260,2025
2025-05-01,1,max,Máxima Diária,872,2025
2025-05-01,2,total,Total,13.17,2025
2025-05-01,2,mdu,Média dos Dias Úteis,561,2025
2025-05-01,2,msa,Média dos Sábados,245,2025
2025-05-01,2,mdo,Média dos Domingos,158,2025
2025-05-01,2,max,Máxima Diária,585,2025
2025-05-01,3,total,Total,21.375,2025
2025-05-01,3,mdu,Média dos Dias Úteis,804,2025
2025-05-01,3,msa,Média dos Sábados,515,2025
2025-05-01,3,mdo,Média dos Domingos,313,2025
2025-05-01,3,max,Máxima Diária,841,2025
2025-05-01,15,total,Total,2.038,2025
2025-05-01,15,mdu,Média dos Dias Úteis,79,2025
2025-05-01,15,msa,Média dos Sábados,42,2025
2025-05-01,15,mdo,Média dos Domingos,24,2025
2025-05-01,15,max,Máxima Diária,84,2025
2025-05-01,NA,total,Total,NA,2025
2025-05-01,NA,mdu,Média dos Dias Úteis,NA,2025
2025-05-01,NA,msa,Média dos Sábados,NA,2025
2025-05-01,NA,mdo,Média dos Domingos,NA,2025
2025-05-01,NA,max,Máxima Diária,NA,2025
2025-06-01,1,total,Total,20.962,2025
2025-06-01,1,mdu,Média dos Dias Úteis,827,2025
2025-06-01,1,msa,Média dos Sábados,484,2025
2025-06-01,1,mdo,Média dos Domingos,266,2025
2025-06-01,1,max,Máxima Diária,858,2025
2025-06-01,2,total,Total,13.507,2025
2025-06-01,2,mdu,Média dos Dias Úteis,555,2025
2025-06-01,2,msa,Média dos Sábados,248,2025
2025-06-01,2,mdo,Média dos Domingos,155,2025
2025-06-01,2,max,Máxima Diária,581,2025
2025-06-01,3,total,Total,22.56,2025
2025-06-01,3,mdu,Média dos Dias Úteis,870,2025
2025-06-01,3,msa,Média dos Sábados,536,2025
2025-06-01,3,mdo,Média dos Domingos,321,2025
2025-06-01,3,max,Máxima Diária,913,2025
2025-06-01,15,total,Total,2.161,2025
2025-06-01,15,mdu,Média dos Dias Úteis,86,2025
2025-06-01,15,msa,Média dos Sábados,46,2025
2025-06-01,15,mdo,Média dos Domingos,24,2025
2025-06-01,15,max,Máxima Diária,89,2025
2025-06-01,NA,total,Total,NA,2025
2025-06-01,NA,mdu,Média dos Dias Úteis,NA,2025
2025-06-01,NA,msa,Média dos Sábados,NA,2025
2025-06-01,NA,mdo,Média dos Domingos,NA,2025
2025-06-01,NA,max,Máxima Diária,NA,2025
2025-07-01,1,total,Total,19.276,2025
2025-07-01,1,mdu,Média dos Dias Úteis,794,2025
2025-07-01,1,msa,Média dos Sábados,471,2025
2025-07-01,1,mdo,Média dos Domingos,262,2025
2025-07-01,1,max,Máxima Diária,832,2025
2025-07-01,2,total,Total,12.352,2025
2025-07-01,2,mdu,Média dos Dias Úteis,528,2025
2025-07-01,2,msa,Média dos Sábados,248,2025
2025-07-01,2,mdo,Média dos Domingos,159,2025
2025-07-01,2,max,Máxima Diária,564,2025
2025-07-01,3,total,Total,22.965,2025
2025-07-01,3,mdu,Média dos Dias Úteis,886,2025
2025-07-01,3,msa,Média dos Sábados,536,2025
2025-07-01,3,mdo,Média dos Domingos,332,2025
2025-07-01,3,max,Máxima Diária,937,2025
2025-07-01,15,total,Total,2.198,2025
2025-07-01,15,mdu,Média dos Dias Úteis,90,2025
2025-07-01,15,msa,Média dos Sábados,44,2025
2025-07-01,15,mdo,Média dos Domingos,27,2025
2025-07-01,15,max,Máxima Diária,93,2025
2025-07-01,NA,total,Total,507.954,2025
2025-07-01,NA,mdu,Média dos Dias Úteis,2.266,2025
2025-07-01,NA,msa,Média dos Sábados,1.289,2025
2025-07-01,NA,mdo,Média dos Domingos,761,2025
2025-07-01,NA,max,Máxima Diária,2.46,2025
2025-08-01,1,total,Total,19.428,2025
2025-08-01,1,mdu,Média dos Dias Úteis,733,2025
2025-08-01,1,msa,Média dos Sábados,471,2025
2025-08-01,1,mdo,Média dos Domingos,272,2025
2025-08-01,1,max,Máxima Diária,773,2025
2025-08-01,2,total,Total,12.583,2025
2025-08-01,2,mdu,Média dos Dias Úteis,491,2025
2025-08-01,2,msa,Média dos Sábados,243,2025
2025-08-01,2,mdo,Média dos Domingos,151,2025
2025-08-01,2,max,Máxima Diária,517,2025
2025-08-01,3,total,Total,NA,2025
2025-08-01,3,mdu,Média dos Dias Úteis,NA,2025
2025-08-01,3,msa,Média dos Sábados,NA,2025
2025-08-01,3,mdo,Média dos Domingos,NA,2025
2025-08-01,3,max,Máxima Diária,NA,2025
2025-08-01,15,total,Total,NA,2025
2025-08-01,15,mdu,Média dos Dias Úteis,NA,2025
2025-08-01,15,msa,Média dos Sábados,NA,2025
2025-08-01,15,mdo,Média dos Domingos,NA,2025
2025-08-01,15,max,Máxima Diária,NA,2025
2025-08-01,NA,total,Total,NA,2025
2025-08-01,NA,mdu,Média dos Dias Úteis,NA,2025
2025-08-01,NA,msa,Média dos Sábados,NA,2025
2025-08-01,NA,mdo,Média dos Domingos,NA,2025
2025-08-01,NA,max,Máxima Diária,NA,2025
2025-09-01,1,total,Total,20.548,2025
2025-09-01,1,mdu,Média dos Dias Úteis,804,2025
2025-09-01,1,msa,Média dos Sábados,477,2025
2025-09-01,1,mdo,Média dos Domingos,258,2025
2025-09-01,1,max,Máxima Diária,847,2025
2025-09-01,2,total,Total,13.354,2025
2025-09-01,2,mdu,Média dos Dias Úteis,540,2025
2025-09-01,2,msa,Média dos Sábados,249,2025
2025-09-01,2,mdo,Média dos Domingos,154,2025
2025-09-01,2,max,Máxima Diária,576,2025
2025-09-01,3,total,Total,NA,2025
2025-09-01,3,mdu,Média dos Dias Úteis,NA,2025
2025-09-01,3,msa,Média dos Sábados,NA,2025
2025-09-01,3,mdo,Média dos Domingos,NA,2025
2025-09-01,3,max,Máxima Diária,NA,2025
2025-09-01,15,total,Total,NA,2025
2025-09-01,15,mdu,Média dos Dias Úteis,NA,2025
2025-09-01,15,msa,Média dos Sábados,NA,2025
2025-09-01,15,mdo,Média dos Domingos,NA,2025
2025-09-01,15,max,Máxima Diária,NA,2025
2025-09-01,NA,total,Total,NA,2025
2025-09-01,NA,mdu,Média dos Dias Úteis,NA,2025
2025-09-01,NA,msa,Média dos Sábados,NA,2025
2025-09-01,NA,mdo,Média dos Domingos,NA,2025
2025-09-01,NA,max,Máxima Diária,NA,2025
2025-10-01,1,total,Total,21.052,2025
2025-10-01,1,mdu,Média dos Dias Úteis,817,2025
2025-10-01,1,msa,Média dos Sábados,476,2025
2025-10-01,1,mdo,Média dos Domingos,295,2025
2025-10-01,1,max,Máxima Diária,848,2025
2025-10-01,2,total,Total,13.784,2025
2025-10-01,2,mdu,Média dos Dias Úteis,547,2025
2025-10-01,2,msa,Média dos Sábados,253,2025
2025-10-01,2,mdo,Média dos Domingos,183,2025
2025-10-01,2,max,Máxima Diária,570,2025
2025-10-01,3,total,Total,NA,2025
2025-10-01,3,mdu,Média dos Dias Úteis,NA,2025
2025-10-01,3,msa,Média dos Sábados,NA,2025
2025-10-01,3,mdo,Média dos Domingos,NA,2025
2025-10-01,3,max,Máxima Diária,NA,2025
2025-10-01,15,total,Total,NA,2025
2025-10-01,15,mdu,Média dos Dias Úteis,NA,2025
2025-10-01,15,msa,Média dos Sábados,NA,2025
2025-10-01,15,mdo,Média dos Domingos,NA,2025
2025-10-01,15,max,Máxima Diária,NA,2025
2025-10-01,NA,total,Total,NA,2025
2025-10-01,NA,mdu,Média dos Dias Úteis,NA,2025
2025-10-01,NA,msa,Média dos Sábados,NA,2025
2025-10-01,NA,mdo,Média dos Domingos,NA,2025
2025-10-01,NA,max,Máxima Diária,NA,2025
2025-11-01,1,total,Total,NA,2025
2025-11-01,1,mdu,Média dos Dias Úteis,NA,2025
2025-11-01,1,msa,Média dos Sábados,NA,2025
2025-11-01,1,mdo,Média dos Domingos,NA,2025
2025-11-01,1,max,Máxima Diária,NA,2025
2025-11-01,2,total,Total,NA,2025
2025-11-01,2,mdu,Média dos Dias Úteis,NA,2025
2025-11-01,2,msa,Média dos Sábados,NA,2025
2025-11-01,2,mdo,Média dos Domingos,NA,2025
2025-11-01,2,max,Máxima Diária,NA,2025
2025-11-01,3,total,Total,194.784,2025
2025-11-01,3,mdu,Média dos Dias Úteis,856,2025
2025-11-01,3,msa,Média dos Sábados,527,2025
2025-11-01,3,mdo,Média dos Domingos,314,2025
2025-11-01,3,max,Máxima Diária,937,2025
2025-11-01,15,total,Total,18.507,2025
2025-11-01,15,mdu,Média dos Dias Úteis,84,2025
2025-11-01,15,msa,Média dos Sábados,44,2025
2025-11-01,15,mdo,Média dos Domingos,24,2025
2025-11-01,15,max,Máxima Diária,94,2025
2025-11-01,NA,total,Total,NA,2025
2025-11-01,NA,mdu,Média dos Dias Úteis,NA,2025
2025-11-01,NA,msa,Média dos Sábados,NA,2025
2025-11-01,NA,mdo,Média dos Domingos,NA,2025
2025-11-01,NA,max,Máxima Diária,NA,2025
2025-12-01,1,total,Total,NA,2025
2025-12-01,1,mdu,Média dos Dias Úteis,NA,2025
2025-12-01,1,msa,Média dos Sábados,NA,2025
2025-12-01,1,mdo,Média dos Domingos,NA,2025
2025-12-01,1,max,Máxima Diária,NA,2025
2025-12-01,2,total,Total,NA,2025
2025-12-01,2,mdu,Média dos Dias Úteis,NA,2025
2025-12-01,2,msa,Média dos Sábados,NA,2025
2025-12-01,2,mdo,Média dos Domingos,NA,2025
2025-12-01,2,max,Máxima Diária,NA,2025
2025-12-01,3,total,Total,NA,2025
2025-12-01,3,mdu,Média dos Dias Úteis,NA,2025
2025-12-01,3,msa,Média dos Sábados,NA,2025
2025-12-01,3,mdo,Média dos Domingos,NA,2025
2025-12-01,3,max,Máxima Diária,NA,2025
2025-12-01,15,total,Total,NA,2025
2025-12-01,15,mdu,Média dos Dias Úteis,NA,2025
2025-12-01,15,msa,Média dos Sábados,NA,2025
2025-12-01,15,mdo,Média dos Domingos,NA,2025
2025-12-01,15,max,Máxima Diária,NA,2025
2025-12-01,NA,total,Total,NA,2025
2025-12-01,NA,mdu,Média dos Dias Úteis,NA,2025
2025-12-01,NA,msa,Média dos Sábados,NA,2025
2025-12-01,NA,mdo,Média dos Domingos,NA,2025
2025-12-01,NA,max,Máxima Diária,NA,2025
